:START_ID(Client),:END_ID(Location),:TYPE
client-apc,loc-arcadia-fl,SERVES_AREA
client-apc,loc-avon-park-fl,SERVES_AREA
client-apc,loc-brandon-fl,SERVES_AREA
client-apc,loc-bushnell-fl,SERVES_AREA
client-apc,loc-clearwater-fl,SERVES_AREA
client-apc,loc-crystal-river-fl,SERVES_AREA
client-apc,loc-davenport-fl,SERVES_AREA
client-apc,loc-fellowship-fl,SERVES_AREA
client-apc,loc-jacksonville-fl,SERVES_AREA
client-apc,loc-melbourne-fl,SERVES_AREA
client-apc,loc-morriston-fl,SERVES_AREA
client-apc,loc-newport-fl,SERVES_AREA
client-apc,loc-ocala-fl,SERVES_AREA
client-apc,loc-reddick-fl,SERVES_AREA
client-apc,loc-sarasota-fl,SERVES_AREA
client-apc,loc-spring-hill-fl,SERVES_AREA
client-apc,loc-venice-fl,SERVES_AREA
client-apc,loc-williston-fl,SERVES_AREA
client-midwest-wi,loc-abbotsford-wi,SERVES_AREA
client-midwest-wi,loc-colby-wi,SERVES_AREA
client-midwest-wi,loc-edgar-wi,SERVES_AREA
client-midwest-wi,loc-kronenwetter-wi,SERVES_AREA
client-midwest-wi,loc-marshfield-wi,SERVES_AREA
client-midwest-wi,loc-mosinee-wi,SERVES_AREA
client-midwest-wi,loc-neillsville-wi,SERVES_AREA
client-midwest-wi,loc-plover-wi,SERVES_AREA
client-midwest-wi,loc-spencer-wi,SERVES_AREA
client-midwest-wi,loc-stevens-point-wi,SERVES_AREA
client-midwest-wi,loc-stratford-wi,SERVES_AREA
client-midwest-wi,loc-wausau-wi,SERVES_AREA
client-midwest-wi,loc-weston-wi,SERVES_AREA
client-midwest-wi,loc-wisconsin-rapids-wi,SERVES_AREA
client-midwest-mo,loc-bentonville-ar,SERVES_AREA
client-midwest-mo,loc-fayetteville-ar,SERVES_AREA
client-midwest-mo,loc-joplin-mo,SERVES_AREA
client-midwest-mo,loc-neosho-mo,SERVES_AREA
client-midwest-mo,loc-nixa-mo,SERVES_AREA
client-midwest-mo,loc-republic-mo,SERVES_AREA
client-midwest-mo,loc-rogers-ar,SERVES_AREA
client-midwest-mo,loc-springdale-ar,SERVES_AREA
client-midwest-mo,loc-springfield-mo,SERVES_AREA
client-midwest-mo,loc-strafford-mo,SERVES_AREA
client-midwest-mo,loc-willard-mo,SERVES_AREA
client-wells-wi,loc-baraboo-wi,SERVES_AREA
client-wells-wi,loc-beaver-dam-wi,SERVES_AREA
client-wells-wi,loc-belleville-wi,SERVES_AREA
client-wells-wi,loc-beloit-wi,SERVES_AREA
client-wells-wi,loc-black-earth-wi,SERVES_AREA
client-wells-wi,loc-brodhead-wi,SERVES_AREA
client-wells-wi,loc-brooklyn-wi,SERVES_AREA
client-wells-wi,loc-cambridge-wi,SERVES_AREA
client-wells-wi,loc-clinton-wi,SERVES_AREA
client-wells-wi,loc-columbus-wi,SERVES_AREA
client-wells-wi,loc-cottage-grove-wi,SERVES_AREA
client-wells-wi,loc-cross-plains-wi,SERVES_AREA
client-wells-wi,loc-deerfield-wi,SERVES_AREA
client-wells-wi,loc-deforest-wi,SERVES_AREA
client-wells-wi,loc-dodgeville-wi,SERVES_AREA
client-wells-wi,loc-edgerton-wi,SERVES_AREA
client-wells-wi,loc-evansville-wi,SERVES_AREA
client-wells-wi,loc-fitchburg-wi,SERVES_AREA
client-wells-wi,loc-fort-atkinson-wi,SERVES_AREA
client-wells-wi,loc-janesville-wi,SERVES_AREA
client-wells-wi,loc-jefferson-wi,SERVES_AREA
client-wells-wi,loc-lake-delton-wi,SERVES_AREA
client-wells-wi,loc-lake-mills-wi,SERVES_AREA
client-wells-wi,loc-lodi-wi,SERVES_AREA
client-wells-wi,loc-madison-wi,SERVES_AREA
client-wells-wi,loc-marshall-wi,SERVES_AREA
client-wells-wi,loc-mazomanie-wi,SERVES_AREA
client-wells-wi,loc-mcfarland-wi,SERVES_AREA
client-wells-wi,loc-middleton-wi,SERVES_AREA
client-wells-wi,loc-milton-wi,SERVES_AREA
client-wells-wi,loc-monona-wi,SERVES_AREA
client-wells-wi,loc-monroe-wi,SERVES_AREA
client-wells-wi,loc-mount-horeb-wi,SERVES_AREA
client-wells-wi,loc-new-glarus-wi,SERVES_AREA
client-wells-wi,loc-oregon-wi,SERVES_AREA
client-wells-wi,loc-pardeeville-wi,SERVES_AREA
client-wells-wi,loc-portage-wi,SERVES_AREA
client-wells-wi,loc-poynette-wi,SERVES_AREA
client-wells-wi,loc-prairie-du-sac-wi,SERVES_AREA
client-wells-wi,loc-reedsburg-wi,SERVES_AREA
client-wells-wi,loc-richland-center-wi,SERVES_AREA
client-wells-wi,loc-sauk-city-wi,SERVES_AREA
client-wells-wi,loc-spring-green-wi,SERVES_AREA
client-wells-wi,loc-stoughton-wi,SERVES_AREA
client-wells-wi,loc-sun-prairie-wi,SERVES_AREA
client-wells-wi,loc-verona-wi,SERVES_AREA
client-wells-wi,loc-waterloo-wi,SERVES_AREA
client-wells-wi,loc-watertown-wi,SERVES_AREA
client-wells-wi,loc-waunakee-wi,SERVES_AREA
client-wells-wi,loc-whitewater-wi,SERVES_AREA
client-wells-wi,loc-windsor-wi,SERVES_AREA
client-wells-wi,loc-wisconsin-dells-wi,SERVES_AREA
client-wells-fl,loc-apollo-beach-fl,SERVES_AREA
client-wells-fl,loc-beach-park-fl,SERVES_AREA
client-wells-fl,loc-brandon-fl,SERVES_AREA
client-wells-fl,loc-bushnell-fl,SERVES_AREA
client-wells-fl,loc-carrollwood-fl,SERVES_AREA
client-wells-fl,loc-davis-islands-fl,SERVES_AREA
client-wells-fl,loc-harbour-island-fl,SERVES_AREA
client-wells-fl,loc-lutz-fl,SERVES_AREA
client-wells-fl,loc-odessa-fl,SERVES_AREA
client-wells-fl,loc-plant-city-fl,SERVES_AREA
client-wells-fl,loc-riverview-fl,SERVES_AREA
client-wells-fl,loc-seffner-fl,SERVES_AREA
client-wells-fl,loc-tampa-fl,SERVES_AREA
client-wells-fl,loc-valrico-fl,SERVES_AREA
client-wells-fl,loc-wesley-chapel-fl,SERVES_AREA
client-wells-fl,loc-westchase-fl,SERVES_AREA
