keywordId:ID(Keyword),primaryKeyword,searchIntent,customerType[],semanticEquivalents:string[],relatedTerms:string[],longTailVariations:string[],searchVolumeTier,conversionPotential,contentTopics:string[],technicalLevel,:LABEL
kw-asphalt-paving,asphalt paving,transactional,residential;commercial,asphalt installation;asphalt surfacing;hot mix paving;blacktop paving;pavement installation;asphalt work,paving contractor;pavement construction;paving services;asphalt contractor,asphalt paving near me;residential asphalt paving services;commercial asphalt paving contractor;new asphalt paving installation;affordable asphalt paving;quality asphalt paving company;asphalt paving for driveways;asphalt paving for parking lots;professional asphalt paving;licensed asphalt paving contractor,high,high,what-is-asphalt-paving;paving-process;choosing-contractor;cost-guide,basic,Keyword
kw-paving-contractor,paving contractor,transactional,residential;commercial,asphalt contractor;paving company;pavement contractor;asphalt paving company;professional paver;licensed contractor,local paving contractor;paving specialist;certified contractor;reputable paver,paving contractor near me;best paving contractor in [city];licensed asphalt contractor;reputable paving company;experienced paving contractor;local asphalt paving contractor;professional paving services;top rated paving contractor;trusted paving company,high,very-high,choosing-contractor;qualifications;questions-to-ask;contractor-credentials,basic,Keyword
kw-sealcoating,sealcoating,transactional,residential;commercial,seal coating;asphalt sealing;pavement sealing;driveway sealing;asphalt seal coating;surface sealing,asphalt protection;pavement preservation;surface treatment;preventative maintenance,driveway sealcoating cost;parking lot sealcoating services;when to sealcoat asphalt;how often to sealcoat driveway;commercial sealcoating contractor;residential sealcoating near me;asphalt sealcoating and crack sealing;professional sealcoating services;sealcoating for parking lots;driveway seal coating near me,high,high,sealcoating-benefits;maintenance-schedule;cost-guide;application-process,basic,Keyword
kw-asphalt-driveway,asphalt driveway,transactional,residential,blacktop driveway;paved driveway;residential driveway;home driveway;asphalt drive,driveway paving;driveway installation;driveway replacement;residential paving,new asphalt driveway cost;asphalt driveway installation near me;asphalt driveway vs concrete;how long does asphalt driveway last;residential asphalt driveway contractor;asphalt driveway repair and maintenance;replace old driveway with asphalt;asphalt driveway for home;install new asphalt driveway;best asphalt for driveway,high,high,driveway-design;cost-comparison;maintenance-tips;installation-process,basic,Keyword
kw-parking-lot-paving,parking lot paving,transactional,commercial,parking lot construction;parking area paving;commercial parking lot;lot paving;parking lot asphalt,parking lot installation;parking lot repair;parking area resurfacing;commercial paving,commercial parking lot paving cost;parking lot paving contractor near me;new parking lot installation;parking lot resurfacing services;asphalt parking lot maintenance;parking lot striping and paving;small business parking lot paving;church parking lot paving;retail parking lot paving;office parking lot construction,medium,high,parking-lot-design;ada-compliance;maintenance-plans;commercial-services,basic,Keyword
kw-crack-filling,crack filling,transactional,residential;commercial,crack sealing;crack repair;asphalt crack filling;pavement crack repair;crack treatment,driveway crack sealing;preventive crack treatment;crack maintenance;crack sealing services,asphalt crack filling cost;driveway crack sealing near me;when to fill asphalt cracks;parking lot crack sealing services;crack filling and sealcoating;professional crack repair services;prevent asphalt cracks from spreading;how to seal driveway cracks;crack sealing contractor,medium,high,crack-types;prevention;repair-methods;timing,basic,Keyword
kw-pothole-repair,pothole repair,transactional,residential;commercial,pothole patching;pothole filling;hole repair;pavement repair;asphalt patching,surface repair;damage repair;pavement patching;hole filling,driveway pothole repair cost;emergency pothole repair services;parking lot pothole repair;permanent pothole repair;pothole repair near me;fix potholes in asphalt;commercial pothole repair;how to repair potholes;pothole patching services,medium,high,causes-of-potholes;repair-methods;prevention;emergency-service,basic,Keyword
kw-asphalt-repair,asphalt repair,transactional,residential;commercial,asphalt restoration;pavement repair;blacktop repair;driveway repair;surface repair,parking lot repair;patch work;damage repair;pavement restoration,asphalt driveway repair cost;parking lot asphalt repair;emergency asphalt repair services;residential asphalt repair;commercial asphalt repair contractor;fix damaged asphalt;asphalt repair and maintenance;asphalt repair near me;professional asphalt repair,high,high,common-problems;repair-options;cost-guide;when-to-repair-vs-replace,basic,Keyword
kw-patching,asphalt patching,transactional,residential;commercial,pavement patching;patch work;localized repair;spot repair;pothole patching,patch repair;small area repair;quick repair;temporary patching,asphalt patching services;driveway patching cost;parking lot patching;temporary asphalt patch;permanent asphalt patching;asphalt patch repair near me;professional patching services;cold patch vs hot patch,medium,high,patching-methods;materials;temporary-vs-permanent;cost-guide,basic,Keyword
kw-asphalt-resurfacing,asphalt resurfacing,transactional,residential;commercial,asphalt overlay;pavement resurfacing;mill and overlay;surface renewal;repaving,driveway resurfacing;parking lot resurfacing;pavement rehabilitation;surface restoration,asphalt driveway resurfacing cost;parking lot resurfacing services;when to resurface asphalt;resurfacing vs replacement;commercial asphalt resurfacing;residential driveway resurfacing;mill and overlay services;asphalt overlay near me;how much to resurface driveway,medium,high,resurfacing-process;timing;cost-vs-replacement;benefits,basic,Keyword
kw-mill-overlay,mill and overlay,transactional,residential;commercial,milling and resurfacing;remove and replace surface;asphalt overlay;surface milling;pavement rehabilitation,milling services;overlay installation;surface removal;pavement renewal,mill and overlay cost;parking lot mill and overlay;driveway milling and overlay;what is mill and overlay;mill and pave services;asphalt milling and resurfacing;commercial mill and overlay,low,medium,process-explanation;benefits;cost-guide;ideal-applications,intermediate,Keyword
kw-chip-seal,chip seal,informational,residential;commercial,chip sealing;tar and chip;seal chip;chip seal paving;surface chip seal,surface treatment;aggregate sealing;stone seal;chip seal coating,what is chip seal paving;chip seal driveway cost;chip seal vs asphalt cost;chip seal for parking lot;chip seal paving contractor;benefits of chip seal;residential chip seal;tar and chip driveway;is chip seal good,low,medium,what-is-chip-seal;cost-comparison;best-applications;pros-and-cons,intermediate,Keyword
kw-grading-excavation,grading and excavation,transactional,residential;commercial,site grading;land grading;excavation work;earthwork;site preparation,base work;subgrade preparation;site prep;land clearing,driveway grading services;parking lot grading and excavation;site prep for paving;grading for asphalt installation;excavation and grading contractor;land grading before paving;site excavation for driveway;grading work near me,low,medium,importance-of-grading;site-preparation;drainage;process,intermediate,Keyword
kw-base-work,base work,informational,commercial,gravel base;aggregate base;base installation;foundation work;subbase preparation,base preparation;gravel work;stone base;base construction,gravel base for driveway;asphalt base preparation;proper base for paving;aggregate base installation;importance of proper base work;how thick should gravel base be;base work for parking lot,low,low,base-importance;materials;proper-installation;specifications,intermediate,Keyword
kw-porous-asphalt,porous asphalt,informational,commercial,permeable asphalt;pervious pavement;porous pavement;permeable paving;drainage asphalt,stormwater management;pervious concrete;green infrastructure;sustainable paving,porous asphalt parking lot;permeable pavement cost;porous asphalt driveway;benefits of porous asphalt;porous pavement installation;pervious asphalt maintenance;what is porous asphalt,low,low,stormwater-benefits;applications;maintenance;sustainability,advanced,Keyword
kw-recycled-asphalt,recycled asphalt,informational,residential;commercial,reclaimed asphalt;RAP;recycled asphalt pavement;reclaimed materials;asphalt recycling,sustainable paving;eco-friendly asphalt;reclaimed pavement;green paving,recycled asphalt driveway;benefits of recycled asphalt;is recycled asphalt good;recycled asphalt pavement cost;sustainable asphalt options;environmentally friendly paving;RAP asphalt driveway;reclaimed asphalt pavement,low,medium,sustainability;cost-benefits;quality;environmental-impact,intermediate,Keyword
kw-residential-paving,residential paving,transactional,residential,home paving;residential asphalt;homeowner paving services;residential driveway installation;home improvement paving,driveway paving;residential contractor;house paving;home asphalt services,residential asphalt paving contractor;home driveway installation;residential paving services near me;paving for homeowners;residential asphalt contractor;home paving cost;residential driveway paving;paving services for homes,medium,high,residential-services;homeowner-guide;cost-guide;design-options,basic,Keyword
kw-commercial-paving,commercial paving,transactional,commercial,commercial asphalt;business paving;commercial asphalt services;commercial property paving;commercial pavement,parking lot paving;commercial contractor;business parking lot;retail paving,commercial asphalt paving contractor;business parking lot paving;commercial property maintenance;retail parking lot paving;office building paving services;commercial asphalt repair;small business paving services;industrial paving contractor,medium,high,commercial-services;business-benefits;maintenance-plans;ada-requirements,basic,Keyword
kw-new-paving,new paving,transactional,residential;commercial,new asphalt installation;new pavement;fresh paving;new construction paving;greenfield paving,new driveway;new parking lot;first time paving;ground-up construction,new asphalt driveway installation;new parking lot paving;new asphalt pavement installation;install new asphalt;new construction asphalt;paving new driveway cost;new commercial paving,medium,high,new-installation-process;planning;cost-guide;design-considerations,basic,Keyword
kw-driveway-paving,driveway paving,transactional,residential,driveway installation;new driveway;driveway construction;residential driveway paving;home driveway installation,driveway replacement;driveway repair;asphalt driveway;paved driveway,driveway paving cost;driveway paving near me;asphalt driveway paving contractor;residential driveway paving services;how much to pave driveway;best material for driveway paving;driveway paving installation;pave my driveway,high,high,driveway-options;cost-guide;installation-process;material-selection,basic,Keyword
kw-parking-lot,parking lot,informational,commercial,parking area;parking facility;commercial parking;parking lot surface;parking structure,lot maintenance;parking lot repair;parking lot construction;lot resurfacing,parking lot maintenance;parking lot repair near me;parking lot paving cost;commercial parking lot services;parking lot resurfacing;parking lot sealcoating;parking lot striping;asphalt parking lot,medium,medium,maintenance;repair-options;design;compliance,basic,Keyword
kw-preventative-maintenance,preventative maintenance,informational,residential;commercial,preventive maintenance;pavement maintenance;routine maintenance;maintenance plan;proactive maintenance,pavement preservation;maintenance program;scheduled maintenance;care and maintenance,asphalt preventative maintenance plan;parking lot maintenance schedule;how to maintain asphalt driveway;preventive asphalt maintenance services;pavement maintenance program;commercial pavement maintenance;driveway maintenance plan;preventive parking lot maintenance,low,medium,maintenance-schedule;cost-savings;service-plans;long-term-benefits,basic,Keyword
kw-sealcoating-crack-sealing,sealcoating and crack sealing,transactional,residential;commercial,seal coating and crack filling;maintenance combo;preventive treatment;surface protection,pavement maintenance;combo service;bundled maintenance;complete care,sealcoating and crack sealing cost;parking lot sealcoating and crack repair;driveway maintenance package;seal coat and crack fill services;combined maintenance services;preventive maintenance package,low,high,bundled-services;cost-savings;maintenance-timing;benefits,basic,Keyword
kw-pavement-marking,pavement marking,transactional,commercial,striping;line striping;parking lot striping;pavement striping;lot marking,parking lot lines;traffic markings;stall marking;handicap marking,parking lot striping services;pavement marking contractor;parking lot line painting;commercial striping services;parking lot striping cost;restripe parking lot;ADA compliant striping;parking lot marking near me,low,medium,striping-standards;ada-compliance;maintenance;types-of-markings,basic,Keyword
kw-surface-cleaning,surface cleaning,transactional,commercial,sweeping;parking lot sweeping;pavement cleaning;debris removal;lot cleaning,power sweeping;lot maintenance;surface maintenance;cleaning services,parking lot sweeping services;commercial lot cleaning;parking lot maintenance cleaning;pavement sweeping contractor;lot sweeping near me;regular parking lot cleaning,low,low,maintenance-importance;cleaning-frequency;benefits;services,basic,Keyword
kw-hot-mix-asphalt,hot mix asphalt,informational,commercial,hot mix;HMA;hot asphalt;asphalt concrete;bituminous concrete,asphalt mix;paving mix;hot asphalt paving;standard mix,what is hot mix asphalt;hot mix asphalt installation;hot mix vs cold patch;hot mix asphalt paving;types of hot mix asphalt;HMA pavement;hot asphalt mix,low,low,materials-overview;quality-standards;applications;specifications,intermediate,Keyword
kw-warm-mix-asphalt,warm mix asphalt,informational,commercial,warm mix;WMA;warm asphalt technology;energy-efficient asphalt;low-temp asphalt,sustainable paving;eco-friendly asphalt;modern paving;green asphalt,what is warm mix asphalt;warm mix asphalt benefits;WMA vs HMA;warm mix technology;environmental benefits warm mix;warm mix asphalt cost,low,low,technology-overview;environmental-benefits;cost-comparison;applications,advanced,Keyword
kw-cold-mix-asphalt,cold mix asphalt,informational,residential;commercial,cold patch;cold mix;temporary asphalt;cold asphalt;emulsion mix,temporary repair;emergency patch;quick fix;interim repair,cold patch asphalt repair;temporary asphalt patch;cold mix vs hot mix;when to use cold patch;cold asphalt repair;emergency pothole repair cold mix,low,low,temporary-repairs;applications;limitations;when-to-use,basic,Keyword
kw-cracking,asphalt cracking,informational,residential;commercial,pavement cracks;asphalt cracks;surface cracking;crack damage;crack deterioration,crack repair;crack types;crack causes;crack prevention,why is my asphalt cracking;types of asphalt cracks;prevent driveway cracking;repair asphalt cracks;causes of pavement cracking;driveway crack problems;parking lot cracks,medium,medium,crack-types;causes;repair-options;prevention,basic,Keyword
kw-potholes,potholes,informational,residential;commercial,holes in pavement;pavement holes;surface holes;cavity damage;depression failures,pothole repair;hole damage;pavement failure;water damage,why do potholes form;prevent potholes in driveway;fix potholes in parking lot;causes of potholes;pothole prevention;how to repair potholes,medium,high,causes;prevention;repair-methods;emergency-repair,basic,Keyword
kw-drainage-issues,drainage issues,informational,residential;commercial,water problems;poor drainage;standing water;drainage failure;water damage,drainage solutions;water management;ponding water;drainage repair,drainage problems in driveway;fix standing water on pavement;parking lot drainage issues;improve asphalt drainage;water pooling on asphalt;drainage solutions for pavement,low,medium,causes;solutions;prevention;importance,intermediate,Keyword
kw-free-quote,free quote,transactional,residential;commercial,free estimate;no obligation quote;free inspection;cost estimate;price quote,estimate;consultation;assessment;bid,get free paving quote;free asphalt estimate near me;free driveway quote;free parking lot estimate;request free paving quote;no obligation paving estimate;free quote for asphalt work;free consultation paving,medium,very-high,how-to-get-quote;what-to-expect;cost-factors;process,basic,Keyword
kw-cost,asphalt paving cost,commercial,residential;commercial,price;pricing;how much;cost estimate;affordable,budget;expense;investment;quote,how much does asphalt paving cost;driveway paving cost;parking lot paving cost;cost per square foot asphalt;asphalt driveway cost calculator;affordable paving services;paving cost estimate;average cost to pave driveway,high,high,cost-factors;pricing-guide;budgeting;cost-comparison,basic,Keyword
kw-near-me,asphalt paving near me,transactional,residential;commercial,local paving;nearby paving;paving in my area;close by paving;local contractor,local services;area contractor;nearby contractor;regional services,asphalt paving contractor near me;driveway paving near me;parking lot paving near me;local asphalt contractor;paving services in my area;find paving contractor near me,high,very-high,local-services;service-area;coverage;finding-contractor,basic,Keyword
kw-best-contractor,best paving contractor,commercial,residential;commercial,top contractor;reputable company;quality contractor;experienced paver;trusted contractor,top rated;highly rated;five star;professional,best asphalt contractor in [city];top rated paving company;highly rated asphalt contractor;reputable paving contractor;experienced paving company;best reviewed paving contractor;quality asphalt paving company,medium,high,choosing-contractor;qualifications;reviews;what-to-look-for,basic,Keyword
kw-land-clearing,land clearing,transactional,residential;commercial,site clearing;lot clearing;vegetation removal;brush clearing;tree removal for paving,site preparation;clearing services;land prep;site development,land clearing for paving;site clearing services;lot clearing for driveway;clearing land for parking lot;vegetation removal paving prep,low,medium,site-preparation;clearing-process;services;planning,basic,Keyword
kw-excavating-work,excavating work,transactional,residential;commercial,excavation;digging;earthmoving;trenching;site work,excavation services;earth work;site excavation;digging services,excavation for paving;site excavation services;excavating for driveway;parking lot excavation;excavation and grading,low,medium,excavation-process;site-prep;services;importance,intermediate,Keyword
kw-gravel-work,gravel work,transactional,residential;commercial,gravel installation;stone base;aggregate work;gravel base installation;crushed stone work,base installation;gravel services;aggregate placement;stone work,gravel base for paving;gravel installation services;crushed stone base work;aggregate base installation;gravel work for driveway,low,low,base-work;materials;installation;importance,intermediate,Keyword
kw-concrete-work,concrete work,transactional,residential;commercial,concrete paving;concrete driveway;concrete repairs;concrete installation;cement work,concrete services;concrete contractor;cement paving;concrete construction,concrete driveway installation;concrete paving services;concrete repair contractor;concrete vs asphalt;concrete paving cost,medium,medium,concrete-services;comparison-to-asphalt;applications;cost-comparison,basic,Keyword
kw-tear-out,asphalt tear out,transactional,residential;commercial,removal;demolition;existing pavement removal;demo work;rip out,pavement removal;demolition services;removal services;tear out and replace,asphalt removal services;driveway tear out;parking lot demolition;remove old asphalt;tear out and replace asphalt;pavement removal cost,low,medium,removal-process;when-needed;cost;preparation,basic,Keyword
