locationId:ID(Location),name,region,state,postalCode,country,geoLatitude:double,geoLongitude:double,population:int,climateZone,economicProfile,localChallenges:string[],flavorNotes,:LABEL
loc-abbotsford-wi,Abbotsford,Clark County,WI,54405,USA,44.9461,-90.3168,2100,humid_continental,"Agriculture, dairy farming, small manufacturing",freeze_thaw;snow_removal;short_paving_season;thermal_cracking;agricultural_heavy_loads,Small rural community in Clark County's dairy country. Short paving season (May-October) requires careful project scheduling. Heavy agricultural equipment traffic demands durable base design.,Location
loc-colby-wi,Colby,Clark County & Marathon County,WI,54421,USA,44.9091,-90.3154,1900,humid_continental,"Agriculture, cheese production, small business",freeze_thaw;snow_removal;short_paving_season;thermal_cracking;moisture_damage,Known as 'The City of Colby Cheese.' Frost depth reaches 4+ feet requiring proper base thickness. Freeze-thaw cycles are primary pavement enemy.,Location
loc-edgar-wi,Edgar,Marathon County,WI,54426,USA,44.9252,-89.958,1500,humid_continental,"Agriculture, lumber, local retail",freeze_thaw;snow_removal;short_paving_season;thermal_cracking;studded_tires,Small Marathon County community. Winter studded tire usage can cause premature rutting. Requires PG 64-34 or PG 58-40 binders for low-temp performance.,Location
loc-kronenwetter-wi,Kronenwetter,Marathon County,WI,54455,USA,44.8255,-89.5876,7500,humid_continental,"Residential growth, retail, suburban development",freeze_thaw;snow_removal;short_paving_season;thermal_cracking;residential_development,Fast-growing Wausau suburb with new residential and commercial development. High demand for parking lots and driveways. Spring thaw weakening requires careful scheduling.,Location
loc-marshfield-wi,Marshfield,Wood County & Marathon County,WI,54449,USA,44.6688,-90.1718,18900,humid_continental,"Healthcare (Marshfield Clinic), manufacturing, retail, regional hub",freeze_thaw;snow_removal;short_paving_season;thermal_cracking;hospital_traffic;commercial_heavy_use,Regional healthcare hub with Marshfield Clinic bringing significant traffic. High-traffic hospital/clinic areas need polymer-modified binders for durability. Central Wisconsin's largest city.,Location
loc-mosinee-wi,Mosinee,Marathon County,WI,54455,USA,44.793,-89.7043,4100,humid_continental,"Paper mills, regional airport, manufacturing",freeze_thaw;snow_removal;short_paving_season;thermal_cracking;industrial_traffic;airport_proximity,Home to Central Wisconsin Airport. Industrial paper mill traffic creates heavy load demands. Airport access roads see frequent winter maintenance.,Location
loc-neillsville-wi,Neillsville,Clark County,WI,54456,USA,44.5597,-90.596,2400,humid_continental,"Agriculture, county seat, local government",freeze_thaw;snow_removal;short_paving_season;thermal_cracking;rural_isolation,Clark County seat. Rural location means extended haul distances from asphalt plants. Warm-mix asphalt (WMA) technology extends working window on cooler days.,Location
loc-plover-wi,Plover,Portage County,WI,54467,USA,44.4564,-89.5368,12900,humid_continental,"Retail, residential growth, suburban development",freeze_thaw;snow_removal;short_paving_season;thermal_cracking;retail_traffic;residential_development,Growing Stevens Point suburb with active retail development. Shopping centers and residential subdivisions drive paving demand. Spring moisture issues require excellent drainage design.,Location
loc-spencer-wi,Spencer,Marathon County,WI,54479,USA,44.7511,-90.2968,1900,humid_continental,"Agriculture, small manufacturing, rural services",freeze_thaw;snow_removal;short_paving_season;thermal_cracking;agricultural_traffic,Small Marathon County community along Highway 13. Heavy farm equipment traffic during harvest season requires robust pavement design.,Location
loc-stevens-point-wi,Stevens Point,Portage County,WI,54481,USA,44.5236,-89.5746,26000,humid_continental,"University (UW-Stevens Point), healthcare, manufacturing, retail",freeze_thaw;snow_removal;short_paving_season;thermal_cracking;university_traffic;commercial_development,University city with significant student traffic and campus parking needs. Municipal contracts for street maintenance. Portage County's largest city.,Location
loc-stratford-wi,Stratford,Marathon County,WI,54484,USA,44.8022,-90.079,1600,humid_continental,"Agriculture, small business, rural community",freeze_thaw;snow_removal;short_paving_season;thermal_cracking;agricultural_loads,Small agricultural community. Short construction season demands efficient project execution. Dairy and agricultural equipment creates unique loading patterns.,Location
loc-wausau-wi,Wausau,Marathon County,WI,54401,USA,44.9591,-89.6301,39300,humid_continental,"Insurance (Employers Insurance), manufacturing, healthcare, retail, regional center",freeze_thaw;snow_removal;short_paving_season;thermal_cracking;urban_heat_island;commercial_traffic,Marathon County seat and regional economic center. Major commercial and industrial paving opportunities. Urban heat island effect in downtown can influence mix design.,Location
loc-weston-wi,Weston,Marathon County,WI,54476,USA,44.8905,-89.549,15100,humid_continental,"Commercial retail hub, suburban residential, office parks",freeze_thaw;snow_removal;short_paving_season;thermal_cracking;retail_traffic;parking_lot_demand,Wausau's primary retail suburb with extensive shopping centers. Heavy parking lot maintenance and new construction market. Big box retail creates high-volume opportunities.,Location
loc-wisconsin-rapids-wi,Wisconsin Rapids,Wood County,WI,54494,USA,44.3836,-89.8173,17700,humid_continental,"Paper industry, manufacturing, county services",freeze_thaw;snow_removal;short_paving_season;thermal_cracking;industrial_traffic;paper_mill_loads,Historic paper industry city with heavy industrial traffic. Mill access roads require high-durability designs. Wisconsin River creates moisture management challenges.,Location
loc-madison-wi,Madison,Dane County,WI,53703,USA,43.0731,-89.4012,270000,humid_continental,"State capital, University of Wisconsin, technology, healthcare, biotech, government",freeze_thaw;snow_removal;short_paving_season;thermal_cracking;heavy_traffic;urban_development;isthmus_geography,"State capital and UW-Madison create diverse paving market from state contracts to university projects. Isthmus geography between lakes affects drainage. Strong municipal, commercial, and institutional opportunities.",Location
loc-middleton-wi,Middleton,Dane County,WI,53562,USA,43.0972,-89.5043,21000,humid_continental,"Suburban residential, corporate offices, retail, 'Good Neighbor City'",freeze_thaw;snow_removal;short_paving_season;thermal_cracking;commercial_development;high_end_residential,Affluent Madison suburb with high-quality commercial and residential development. Premium expectations for pavement quality. Strong retail corridor along University Avenue.,Location
loc-sun-prairie-wi,Sun Prairie,Dane County,WI,53590,USA,43.1836,-89.2137,35000,humid_continental,"Manufacturing, residential growth, retail, fastest-growing city in Wisconsin",freeze_thaw;snow_removal;short_paving_season;thermal_cracking;rapid_development;new_construction,Wisconsin's fastest-growing city with explosive residential and commercial development. Constant new construction creates strong market. Major manufacturing presence with Spectrum Brands.,Location
loc-fitchburg-wi,Fitchburg,Dane County,WI,53711,USA,42.9608,-89.4698,30000,humid_continental,"Suburban residential, retail, office parks, healthcare",freeze_thaw;snow_removal;short_paving_season;thermal_cracking;commercial_traffic;residential_development,Growing south Madison suburb along Beltline corridor. Mixed commercial and residential development. Major retail and office park construction.,Location
loc-verona-wi,Verona,Dane County,WI,53593,USA,42.9908,-89.5332,14000,humid_continental,"Epic Systems headquarters, residential growth, retail",freeze_thaw;snow_removal;short_paving_season;thermal_cracking;corporate_campus_traffic;rapid_growth,Home to Epic Systems (healthcare software giant) creating unique corporate campus market. Rapid residential growth to support Epic workforce. High-end commercial development.,Location
loc-monona-wi,Monona,Dane County,WI,53716,USA,43.0594,-89.3318,8100,humid_continental,"Residential, small commercial, bedroom community",freeze_thaw;snow_removal;short_paving_season;thermal_cracking;lakefront_properties,Small residential community between Madison and Monona Lake. Established neighborhoods with maintenance and resurfacing needs. Limited new development space.,Location
loc-waunakee-wi,Waunakee,Dane County,WI,53597,USA,43.1919,-89.4557,15000,humid_continental,"Residential growth, retail, 'Only Waunakee in the World'",freeze_thaw;snow_removal;short_paving_season;thermal_cracking;residential_development;school_traffic,Fast-growing bedroom community with strong schools and family orientation. New subdivision development drives residential paving. Village pride creates quality expectations.,Location
loc-oregon-wi,Oregon,Dane County,WI,53575,USA,42.9247,-89.3848,10500,humid_continental,"Residential, small manufacturing, retail",freeze_thaw;snow_removal;short_paving_season;thermal_cracking;residential_growth,Growing community south of Madison with residential expansion. Mix of established neighborhoods and new development. Highway 138 corridor development.,Location
loc-deforest-wi,DeForest,Dane County,WI,53532,USA,43.2475,-89.344,10000,humid_continental,"Residential, retail, I-90/94 corridor development",freeze_thaw;snow_removal;short_paving_season;thermal_cracking;highway_development;commercial_growth,North Madison suburb with interstate highway access driving commercial development. Growing residential base. Distribution and warehouse development along I-90/94.,Location
loc-mcfarland-wi,McFarland,Dane County,WI,53558,USA,43.0136,-89.2882,8800,humid_continental,"Residential, small commercial, bedroom community",freeze_thaw;snow_removal;short_paving_season;thermal_cracking;residential_maintenance,Established residential community between Madison and Stoughton. Maintenance and resurfacing market in mature neighborhoods. Limited new development.,Location
loc-stoughton-wi,Stoughton,Dane County,WI,53589,USA,42.9167,-89.2179,13000,humid_continental,"Manufacturing, agriculture, Norwegian heritage tourism",freeze_thaw;snow_removal;short_paving_season;thermal_cracking;industrial_traffic,"Historic manufacturing town with strong Norwegian heritage. Mix of industrial, residential, and downtown commercial paving needs. Yahara River location.",Location
loc-cottage-grove-wi,Cottage Grove,Dane County,WI,53527,USA,43.0761,-89.1996,7000,humid_continental,"Residential growth, small commercial",freeze_thaw;snow_removal;short_paving_season;thermal_cracking;residential_development,Growing residential community east of Madison. New subdivision development. Commuter bedroom community with increasing retail.,Location
loc-windsor-wi,Windsor,Dane County,WI,53598,USA,43.2008,-89.3407,7300,humid_continental,"Residential, small retail",freeze_thaw;snow_removal;short_paving_season;thermal_cracking;new_residential,Small residential community north of Madison. Limited commercial development. Primarily residential maintenance and new subdivision work.,Location
loc-mount-horeb-wi,Mount Horeb,Dane County,WI,53572,USA,43.0086,-89.7373,7500,humid_continental,"Tourism (Trollway), small business, residential",freeze_thaw;snow_removal;short_paving_season;thermal_cracking;tourist_traffic,"Known as 'Troll Capital of the World' with tourist-focused downtown. Mix of tourist, residential, and agricultural traffic. Highway 18/151 corridor location.",Location
loc-belleville-wi,Belleville,Dane County & Green County,WI,53508,USA,42.8614,-89.5373,2700,humid_continental,"Small town, agriculture, residential",freeze_thaw;snow_removal;short_paving_season;thermal_cracking;rural_community,Small community between Madison and Monroe. Limited commercial paving. Primarily residential and municipal maintenance work.,Location
loc-new-glarus-wi,New Glarus,Green County,WI,53574,USA,42.8144,-89.6351,2200,humid_continental,"Tourism (Swiss heritage), New Glarus Brewing, small business",freeze_thaw;snow_removal;short_paving_season;thermal_cracking;tourist_traffic;brewery_traffic,Swiss-themed tourist town with New Glarus Brewing Company. Tourist traffic creates seasonal demand patterns. Charming downtown requires careful aesthetic considerations.,Location
loc-marshall-wi,Marshall,Dane County,WI,53559,USA,43.1686,-89.0651,3900,humid_continental,"Small town, agriculture, residential",freeze_thaw;snow_removal;short_paving_season;thermal_cracking;rural_location,Small agricultural community northeast of Madison. Rural character with limited commercial development. Primarily residential and farm access paving.,Location
loc-deerfield-wi,Deerfield,Dane County,WI,53531,USA,43.0525,-89.076,2500,humid_continental,"Small town, agriculture, residential",freeze_thaw;snow_removal;short_paving_season;thermal_cracking;rural_community,Small rural community with agricultural base. Limited commercial activity. Village and residential maintenance primary market.,Location
loc-janesville-wi,Janesville,Rock County,WI,53545,USA,42.6828,-89.0187,65000,humid_continental,"Manufacturing (former GM plant), healthcare, retail, Rock County seat",freeze_thaw;snow_removal;short_paving_season;thermal_cracking;industrial_redevelopment;commercial_traffic,Rock County's largest city with post-GM plant redevelopment creating opportunities. Strong manufacturing heritage. Healthcare and retail sectors growing. I-90 corridor location.,Location
loc-beloit-wi,Beloit,Rock County,WI,53511,USA,42.5084,-89.0318,37000,humid_continental,"Manufacturing, Beloit College, industrial redevelopment",freeze_thaw;snow_removal;short_paving_season;thermal_cracking;industrial_traffic;aging_infrastructure,Border city with Illinois creating regional market. Industrial base transitioning. Beloit College provides institutional market. Rock River location with some drainage considerations.,Location
loc-watertown-wi,Watertown,Jefferson County & Dodge County,WI,53094,USA,43.1947,-88.729,23000,humid_continental,"Manufacturing, agriculture equipment, retail",freeze_thaw;snow_removal;short_paving_season;thermal_cracking;industrial_traffic;river_geography,"Manufacturing city split between two counties. Rock River location. Mix of industrial, commercial, and residential paving needs. Regional retail center.",Location
loc-beaver-dam-wi,Beaver Dam,Dodge County,WI,53916,USA,43.4578,-88.8373,16500,humid_continental,"Manufacturing, agriculture, retail, county seat",freeze_thaw;snow_removal;short_paving_season;thermal_cracking;industrial_loads,"Dodge County seat with manufacturing base. Regional retail center. Beaver Dam Lake location. Mix of industrial, municipal, and commercial opportunities.",Location
loc-whitewater-wi,Whitewater,Walworth County & Jefferson County,WI,53190,USA,42.8336,-88.7323,14900,humid_continental,"University (UW-Whitewater), student housing, retail",freeze_thaw;snow_removal;short_paving_season;thermal_cracking;university_traffic;student_housing,University town with significant student population. Campus parking and student housing development. Seasonal traffic patterns based on academic calendar.,Location
loc-fort-atkinson-wi,Fort Atkinson,Jefferson County,WI,53538,USA,42.9286,-88.837,12500,humid_continental,"Manufacturing, agriculture, retail",freeze_thaw;snow_removal;short_paving_season;thermal_cracking;industrial_traffic,Manufacturing community along Rock River. Mix of industrial and residential development. Regional shopping destination.,Location
loc-monroe-wi,Monroe,Green County,WI,53566,USA,42.6011,-89.6387,10800,humid_continental,"Cheese production, agriculture, county seat",freeze_thaw;snow_removal;short_paving_season;thermal_cracking;agricultural_traffic;cheese_industry_loads,Swiss Cheese Capital of the USA with significant cheese processing industry. Green County seat. Mix of industrial cheese plant traffic and agricultural loads.,Location
loc-edgerton-wi,Edgerton,Rock County & Dane County,WI,53534,USA,42.8347,-89.0676,5600,humid_continental,"Agriculture, manufacturing, tobacco heritage",freeze_thaw;snow_removal;short_paving_season;thermal_cracking;agricultural_traffic,Historic tobacco market town transitioning to modern agriculture. Manufacturing presence. Small town character with agricultural traffic patterns.,Location
loc-lake-mills-wi,Lake Mills,Jefferson County,WI,53551,USA,43.0794,-88.9098,6000,humid_continental,"Small manufacturing, tourism (Rock Lake), residential",freeze_thaw;snow_removal;short_paving_season;thermal_cracking;lake_tourism,Rock Lake location creates tourism element. Small manufacturing base. Mix of residential and small commercial work. Lakefront properties.,Location
loc-milton-wi,Milton,Rock County,WI,53563,USA,42.7747,-88.9426,5600,humid_continental,"Residential, small manufacturing, agriculture",freeze_thaw;snow_removal;short_paving_season;thermal_cracking;residential_maintenance,Small town between Janesville and Madison markets. Primarily residential with some agricultural traffic. Limited commercial development.,Location
loc-evansville-wi,Evansville,Rock County,WI,53536,USA,42.7797,-89.2993,5300,humid_continental,"Small manufacturing, agriculture, residential",freeze_thaw;snow_removal;short_paving_season;thermal_cracking;small_town_market,Small community between Madison and Janesville. Limited commercial activity. Primarily residential and municipal maintenance.,Location
loc-brodhead-wi,Brodhead,Green County & Rock County,WI,53520,USA,42.6178,-89.3751,3400,humid_continental,"Agriculture, small manufacturing, cheese",freeze_thaw;snow_removal;short_paving_season;thermal_cracking;rural_location,Small agricultural community in cheese country. Limited paving market. Primarily village maintenance and residential work.,Location
loc-clinton-wi,Clinton,Rock County,WI,53525,USA,42.5572,-88.8651,2200,humid_continental,"Small town, residential, agriculture",freeze_thaw;snow_removal;short_paving_season;thermal_cracking;very_small_market,Small community near Beloit. Very limited commercial activity. Small-scale residential and village maintenance only.,Location
loc-baraboo-wi,Baraboo,Sauk County,WI,53913,USA,43.4711,-89.7443,12000,humid_continental,"Tourism (Circus World, Devil's Lake), county seat, manufacturing",freeze_thaw;snow_removal;short_paving_season;thermal_cracking;tourist_traffic;seasonal_demand,"Sauk County seat with strong tourism sector. Devil's Lake State Park and Circus World Museum drive seasonal traffic. Mix of tourist, municipal, and residential markets.",Location
loc-wisconsin-dells-wi,Wisconsin Dells,Columbia County & Sauk County,WI,53965,USA,43.6275,-89.7709,2900,humid_continental,"Tourism (waterparks, attractions), hospitality, retail",freeze_thaw;snow_removal;short_paving_season;thermal_cracking;extreme_tourist_traffic;seasonal_patterns;parking_lot_heavy_use,Major tourist destination with extreme seasonal traffic variation. Massive parking lots for waterparks and attractions. Heavy summer use requires durable designs. Resort and hotel development constant.,Location
loc-lake-delton-wi,Lake Delton,Sauk County,WI,53940,USA,43.5875,-89.7929,3000,humid_continental,"Tourism (adjacent to Wisconsin Dells), hospitality",freeze_thaw;snow_removal;short_paving_season;thermal_cracking;tourist_traffic;seasonal_use,Adjacent to Wisconsin Dells sharing tourism market. Waterpark and resort development. Parking lots and resort access roads primary market. Extreme seasonal variation.,Location
loc-portage-wi,Portage,Columbia County,WI,53901,USA,43.5391,-89.4626,10500,humid_continental,"County seat, manufacturing, river port, agriculture",freeze_thaw;snow_removal;short_paving_season;thermal_cracking;river_flooding_risk;industrial_traffic,"Columbia County seat at historic portage between Wisconsin and Fox Rivers. Flooding considerations for some areas. Mix of municipal, industrial, and commercial work.",Location
loc-reedsburg-wi,Reedsburg,Sauk County,WI,53959,USA,43.5325,-90.0023,9200,humid_continental,"Manufacturing, agriculture, tourism support",freeze_thaw;snow_removal;short_paving_season;thermal_cracking;industrial_loads,Manufacturing community in Sauk County. Benefits from proximity to Wisconsin Dells tourism. Industrial and residential paving mix.,Location
loc-columbus-wi,Columbus,Columbia County & Dodge County,WI,53925,USA,43.3372,-89.0151,5000,humid_continental,"Small manufacturing, agriculture, residential",freeze_thaw;snow_removal;short_paving_season;thermal_cracking;small_market,Small community split between two counties. Limited commercial development. Primarily residential and small municipal work.,Location
loc-jefferson-wi,Jefferson,Jefferson County,WI,53549,USA,43.0058,-88.8073,7900,humid_continental,"County seat, manufacturing, agriculture",freeze_thaw;snow_removal;short_paving_season;thermal_cracking;county_government,"Jefferson County seat with courthouse and county facilities. Manufacturing base. Mix of municipal, commercial, and residential opportunities.",Location
loc-richland-center-wi,Richland Center,Richland County,WI,53581,USA,43.3358,-90.3868,5200,humid_continental,"County seat, agriculture, small retail",freeze_thaw;snow_removal;short_paving_season;thermal_cracking;rural_isolation;hilly_terrain,Richland County seat in southwestern Wisconsin hill country. Rural location with extended haul distances. Limited market primarily county and municipal.,Location
loc-dodgeville-wi,Dodgeville,Iowa County,WI,53533,USA,42.9603,-90.1301,4700,humid_continental,"County seat, Lands' End headquarters, tourism (House on the Rock area)",freeze_thaw;snow_removal;short_paving_season;thermal_cracking;rural_location;tourist_traffic,"Iowa County seat with Lands' End corporate headquarters. Tourism from House on the Rock area. Mix of corporate, county, and tourist-related work.",Location
loc-spring-green-wi,Spring Green,Sauk County,WI,53588,USA,43.1761,-90.0679,1600,humid_continental,"Tourism (Frank Lloyd Wright's Taliesin), arts, small business",freeze_thaw;snow_removal;short_paving_season;thermal_cracking;tourist_traffic;very_small_market,Small tourist town centered on Frank Lloyd Wright heritage. Taliesin and American Players Theatre draw visitors. Very limited paving market.,Location
loc-prairie-du-sac-wi,Prairie du Sac,Sauk County,WI,53578,USA,43.2886,-89.7243,4200,humid_continental,"Small manufacturing, Wisconsin River tourism, residential",freeze_thaw;snow_removal;short_paving_season;thermal_cracking;river_location,Wisconsin River community forming continuous development with Sauk City. Small manufacturing and residential. River recreation brings seasonal traffic.,Location
loc-sauk-city-wi,Sauk City,Sauk County,WI,53583,USA,43.2708,-89.7223,3400,humid_continental,"Tourism, small business, Wisconsin River recreation",freeze_thaw;snow_removal;short_paving_season;thermal_cracking;tourist_traffic;river_location,Historic Wisconsin River town adjacent to Prairie du Sac. Tourism and recreation focus. Small market with seasonal variation.,Location
loc-cross-plains-wi,Cross Plains,Dane County,WI,53528,USA,43.1114,-89.6565,4200,humid_continental,"Residential, small retail, bedroom community",freeze_thaw;snow_removal;short_paving_season;thermal_cracking;residential_growth,Growing bedroom community west of Madison. Residential development increasing. Benefits from proximity to Madison market.,Location
loc-lodi-wi,Lodi,Columbia County,WI,53555,USA,43.3136,-89.5268,3100,humid_continental,"Small manufacturing, tourism (Susie the Duck), residential",freeze_thaw;snow_removal;short_paving_season;thermal_cracking;small_market,Small Columbia County community known for 'Susie the Duck' tourism. Limited commercial activity. Small-scale residential and municipal work.,Location
loc-pardeeville-wi,Pardeeville,Columbia County,WI,53954,USA,43.5369,-89.3001,2100,humid_continental,"Small manufacturing, agriculture, residential",freeze_thaw;snow_removal;short_paving_season;thermal_cracking;very_small_market,Small rural community with limited paving opportunities. Primarily village maintenance. Very small market.,Location
loc-poynette-wi,Poynette,Columbia County,WI,53955,USA,43.3908,-89.4026,2500,humid_continental,"Small town, MacKenzie Environmental Education Center, residential",freeze_thaw;snow_removal;short_paving_season;thermal_cracking;small_market,Small community with state education center. Limited commercial development. Small-scale municipal and residential work only.,Location
loc-mazomanie-wi,Mazomanie,Dane County,WI,53560,USA,43.1758,-89.7951,1700,humid_continental,"Small town, arts community, residential",freeze_thaw;snow_removal;short_paving_season;thermal_cracking;very_small_market,Small arts-focused community. Very limited paving market. Primarily small residential and village maintenance.,Location
loc-black-earth-wi,Black Earth,Dane County,WI,53515,USA,43.1344,-89.7487,1400,humid_continental,"Small town, agriculture, residential",freeze_thaw;snow_removal;short_paving_season;thermal_cracking;very_small_market,Very small community west of Madison. Minimal paving market. Small residential and village maintenance only.,Location
loc-cambridge-wi,Cambridge,Dane County & Jefferson County,WI,53523,USA,43.0014,-89.0137,1500,humid_continental,"Small town, agriculture, residential",freeze_thaw;snow_removal;short_paving_season;thermal_cracking;very_small_market,Small agricultural community. Very limited commercial activity. Minimal paving opportunities.,Location
loc-brooklyn-wi,Brooklyn,Green County,WI,53521,USA,42.8489,-89.3709,1500,humid_continental,"Small town, agriculture, residential",freeze_thaw;snow_removal;short_paving_season;thermal_cracking;very_small_market,Very small rural community. Minimal paving market. Limited to small village maintenance work.,Location
loc-waterloo-wi,Waterloo,Jefferson County,WI,53594,USA,43.1839,-88.989,3400,humid_continental,"Small town, residential, agriculture",freeze_thaw;snow_removal;short_paving_season;thermal_cracking;small_market,Small town between Madison and Milwaukee markets. Limited commercial development. Small-scale residential and municipal work.,Location
loc-fayetteville-ar,Fayetteville,Washington County,AR,72701,USA,36.0626,-94.1574,95000,humid_subtropical,"University of Arkansas, technology, retail, healthcare, regional center",freeze_thaw;temperature_fluctuation;seasonal_moisture;university_traffic;hillside_drainage;commercial_growth,Northwest Arkansas regional hub with University of Arkansas driving economy. Ozark terrain creates drainage challenges. Mild winters still see freeze-thaw cycles requiring PG 64-22 minimum. Growing tech sector fuels commercial development.,Location
loc-springdale-ar,Springdale,Washington County,AR,72762,USA,36.1867,-94.1288,85000,humid_subtropical,"Poultry processing (Tyson Foods HQ), manufacturing, distribution",freeze_thaw;temperature_fluctuation;seasonal_moisture;industrial_traffic;heavy_truck_loads;rapid_growth,Home to Tyson Foods headquarters with significant industrial traffic. Heavy truck traffic to processing plants requires rutting-resistant designs. Rapid population growth drives residential and commercial paving demand.,Location
loc-rogers-ar,Rogers,Benton County,AR,72756,USA,36.332,-94.1185,70000,humid_subtropical,"Retail, corporate offices, residential growth, distribution centers",freeze_thaw;temperature_fluctuation;seasonal_moisture;commercial_traffic;retail_development;hillside_construction,Fast-growing Northwest Arkansas city with major retail and corporate presence. Walmart Stores Inc. proximity drives commercial activity. Ozark topography requires careful grading and drainage in pavement design.,Location
loc-bentonville-ar,Bentonville,Benton County,AR,72712,USA,36.3729,-94.2088,55000,humid_subtropical,"Walmart headquarters, corporate offices, retail, museums",freeze_thaw;temperature_fluctuation;seasonal_moisture;corporate_traffic;high_end_commercial;rapid_development,Walmart Inc. global headquarters creates unique high-end commercial market. Crystal Bridges Museum and corporate campus development. Northwest Arkansas's wealthiest city with premium paving expectations and higher-spec projects.,Location
loc-springfield-mo,Springfield,Greene County,MO,65801,USA,37.209,-93.2923,170000,humid_subtropical,"Healthcare, education (Missouri State University), manufacturing, retail, regional center",freeze_thaw;temperature_fluctuation;seasonal_moisture;heavy_rainfall;karst_geology;commercial_traffic,Southwest Missouri's largest city and regional hub. Karst limestone geology creates sinkhole risks requiring geotechnical investigation. More moderate winters than northern states but still experiences freeze-thaw. Heavy spring rainfall demands excellent drainage systems.,Location
loc-republic-mo,Republic,Greene County,MO,65738,USA,37.1195,-93.4758,18000,humid_subtropical,"Suburban residential, retail, schools",freeze_thaw;temperature_fluctuation;seasonal_moisture;heavy_rainfall;residential_development;school_traffic,Fast-growing Springfield suburb with strong school system. Residential subdivision and school parking lot projects common. Excellent Springfield access makes material delivery efficient.,Location
loc-neosho-mo,Neosho,Newton County,MO,64850,USA,36.869,-94.368,12000,humid_subtropical,"Manufacturing, agriculture, retail, county seat",freeze_thaw;temperature_fluctuation;seasonal_moisture;heavy_rainfall;rural_access,Newton County seat near Oklahoma and Arkansas borders. Tri-state area creates diverse market opportunities. Spring through fall paving season extends longer than Wisconsin locations. Occasional ice storms require weather monitoring.,Location
loc-willard-mo,Willard,Greene County,MO,65781,USA,37.3042,-93.4288,6000,humid_subtropical,"Suburban residential, small retail, bedroom community",freeze_thaw;temperature_fluctuation;seasonal_moisture;heavy_rainfall;residential_growth,Small Springfield suburb experiencing steady growth. Highway 160 corridor development. Residential driveways and small commercial projects. Close proximity to Springfield asphalt plants reduces haul costs.,Location
loc-strafford-mo,Strafford,Greene County,MO,65757,USA,37.2681,-93.1185,2400,humid_subtropical,"Small town, residential, agriculture",freeze_thaw;temperature_fluctuation;seasonal_moisture;heavy_rainfall;rural_community,Small town northeast of Springfield on Highway 65 corridor. Rural character with some suburban growth. Projects typically smaller residential and municipal maintenance work.,Location
loc-nixa-mo,Nixa,Christian County,MO,65714,USA,37.0434,-93.2974,23000,humid_subtropical,"Suburban residential, retail growth, schools",freeze_thaw;temperature_fluctuation;seasonal_moisture;heavy_rainfall;rapid_residential_growth;retail_development,Rapidly expanding Springfield suburb with major residential development. One of Missouri's fastest-growing cities creates strong paving demand. Shopping center development along Highway 160. Mix of residential subdivisions and commercial retail projects.,Location
loc-joplin-mo,Joplin,Jasper County,MO,64801,USA,37.0842,-94.5133,51000,humid_subtropical,"Healthcare, retail, distribution, regional center, post-tornado rebuilding",freeze_thaw;temperature_fluctuation;seasonal_moisture;heavy_rainfall;tornado_recovery;commercial_development;heavy_truck_traffic,Southwest Missouri regional center rebuilding from 2011 EF5 tornado. Significant reconstruction and new development opportunities. I-44 corridor creates heavy truck traffic. Tri-state location (Missouri/Kansas/Oklahoma) expands market reach. Lead and zinc mining history creates occasional subgrade challenges requiring investigation.,Location
loc-davenport-fl,Davenport,Polk County,FL,33896,USA,28.1614,-81.601,7000,humid_subtropical,"Tourism support (Orlando proximity), residential growth, vacation rentals",hot_weather;seasonal_rain;rapid_aging;rutting;tourism_traffic;no_freeze_thaw,Western Polk County community benefiting from Orlando tourism proximity. Vacation home development and short-term rental market. High heat requires PG 76-22 or higher binders for rutting resistance. Year-round paving season. Heavy summer rains create drainage design priority.,Location
loc-jacksonville-fl,Jacksonville,Duval County,FL,32099,USA,30.3322,-81.6557,950000,humid_subtropical,"Military (Naval bases), port, healthcare, finance, insurance, regional center",hot_weather;seasonal_rain;coastal_proximity;hurricane_risk;heavy_traffic;port_industrial_loads,Florida's largest city by area. Major port creates heavy industrial traffic. Military installations provide steady government contract opportunities. Coastal location requires hurricane-resistant design considerations. Year-round construction season.,Location
loc-ocala-fl,Ocala,Marion County,FL,34470,USA,29.1872,-82.1401,65000,humid_subtropical,"Horse farming (Thoroughbreds), retirement community, healthcare, retail",hot_weather;seasonal_rain;equestrian_traffic;retirement_development;agricultural_loads,Horse Capital of the World with extensive equestrian facilities. Horse farm driveways and stable access roads specialized market. Growing retirement community. Central location on I-75 corridor. Limestone subgrade common requiring attention to base preparation.,Location
loc-williston-fl,Williston,Levy County,FL,32696,USA,29.3858,-82.4467,2800,humid_subtropical,"Small town, agriculture, rural residential",hot_weather;seasonal_rain;rural_isolation;limited_market,Small rural Levy County community. Limited commercial paving market. Primarily residential driveways and small municipal work. Extended haul from asphalt plants.,Location
loc-morriston-fl,Morriston,Levy County,FL,32668,USA,29.3297,-82.4487,300,humid_subtropical,"Very small rural community, agriculture",hot_weather;seasonal_rain;very_rural;minimal_market,Unincorporated community in rural Levy County. Very limited paving opportunities. Minimal market for commercial work.,Location
loc-reddick-fl,Reddick,Marion County,FL,32686,USA,29.3594,-82.1928,600,humid_subtropical,"Small rural community, horse farms",hot_weather;seasonal_rain;rural_location;horse_farm_access,Small community in Marion County horse country. Some equestrian facility paving. Very limited commercial market.,Location
loc-fellowship-fl,Fellowship,Marion County,FL,34470,USA,29.0861,-82.0681,3000,humid_subtropical,"Residential, retirement community",hot_weather;seasonal_rain;retirement_development;residential_focus,Unincorporated area south of Ocala. Growing retirement and residential community. Primarily residential paving opportunities.,Location
loc-crystal-river-fl,Crystal River,Citrus County,FL,34428,USA,28.9031,-82.5932,3400,humid_subtropical,"Tourism (manatees), power plant, marine industry, retirement",hot_weather;seasonal_rain;coastal_environment;tourist_traffic;salt_exposure,Nature Coast city known for manatee tourism. Nuclear power plant provides industrial market. Coastal environment requires consideration of salt exposure. Tourist traffic seasonal. Marina and boat access paving specialized work.,Location
loc-bushnell-fl,Bushnell,Sumter County,FL,33513,USA,28.6669,-82.1123,3100,humid_subtropical,"County seat, rural services, I-75 corridor",hot_weather;seasonal_rain;rural_location;limited_development,Sumter County seat on I-75 corridor. Small town with county government facilities. Limited commercial development. Proximity to The Villages creates some spillover opportunities.,Location
loc-spring-hill-fl,Spring Hill,Hernando County,FL,34606,USA,28.4803,-82.5262,113000,humid_subtropical,"Residential growth, retirement, commercial retail",hot_weather;seasonal_rain;rapid_development;residential_subdivisions;commercial_growth,Large unincorporated community with massive residential growth. Major Tampa Bay commuter suburb. Extensive subdivision and commercial development. Strong paving market from new construction and infrastructure expansion.,Location
loc-newport-fl,Newport,Wakulla County,FL,32321,USA,30.1508,-84.1377,500,humid_subtropical,"Very small coastal community, residential",hot_weather;seasonal_rain;coastal_location;minimal_market,Very small Wakulla County coastal community. Minimal paving market. Limited to small residential work.,Location
loc-clearwater-fl,Clearwater,Pinellas County,FL,33755,USA,27.9659,-82.8001,117000,humid_subtropical,"Tourism (beaches), corporate headquarters, healthcare, retirement",hot_weather;seasonal_rain;heavy_tourism;coastal_environment;hurricane_risk;salt_exposure,Major Gulf Coast tourism city with Clearwater Beach. Heavy seasonal tourism traffic. Corporate presence with tech companies. Coastal salt environment requires corrosion-resistant materials. Beach access parking lots see extreme summer heat and traffic loads.,Location
loc-brandon-fl,Brandon,Hillsborough County,FL,33511,USA,27.9378,-82.2859,114000,humid_subtropical,"Major Tampa suburb, retail, commercial, residential growth",hot_weather;seasonal_rain;heavy_traffic;commercial_development;rapid_growth,One of Tampa Bay's largest suburbs with extensive commercial development. Major retail corridor. High-traffic commercial parking lots need rutting-resistant designs. Continuous residential subdivision development creates strong market.,Location
loc-sarasota-fl,Sarasota,Sarasota County,FL,34230,USA,27.3364,-82.5307,55000,humid_subtropical,"Tourism, arts and culture, retirement, affluent residential, healthcare",hot_weather;seasonal_rain;coastal_environment;hurricane_risk;high_end_expectations;salt_exposure,Affluent Gulf Coast city known for arts and culture. High-end residential and commercial projects demand premium quality. Coastal environment and beach proximity. Winter tourist season creates seasonal demand. Premium pricing market.,Location
loc-venice-fl,Venice,Sarasota County,FL,34285,USA,27.0998,-82.4543,24000,humid_subtropical,"Retirement community, tourism, small business, beach access",hot_weather;seasonal_rain;retirement_focus;coastal_environment;seasonal_tourism,Shark Tooth Capital of the World with strong retiree population. Beach community with seasonal tourism. Primarily residential paving with some commercial. Golf course community development common.,Location
loc-arcadia-fl,Arcadia,DeSoto County,FL,34266,USA,27.2156,-81.8584,8300,humid_subtropical,"Agriculture (cattle), county seat, rural services",hot_weather;seasonal_rain;agricultural_traffic;rural_location;cattle_industry,DeSoto County seat in cattle country. Agricultural and rural character. Cattle auctions and agricultural facilities create specialized paving needs. Small town market with limited commercial development.,Location
loc-avon-park-fl,Avon Park,Highlands County,FL,33825,USA,27.5959,-81.5062,10000,humid_subtropical,"Agriculture (citrus), correctional facilities, retirement, small manufacturing",hot_weather;seasonal_rain;agricultural_base;citrus_industry;limited_growth,Historic citrus town in Highlands County. Correctional facilities provide some government contract opportunities. Agriculture-focused economy. Limited commercial development. Rural character with small-town paving needs.,Location
loc-melbourne-fl,Melbourne,Brevard County,FL,32901,USA,28.0836,-80.6081,85000,humid_subtropical,"Space industry (Kennedy Space Center proximity), technology, military, tourism",hot_weather;seasonal_rain;hurricane_risk;coastal_proximity;aerospace_traffic,"Space Coast city benefiting from aerospace industry. Florida Tech and engineering firms. Beach proximity drives tourism element. Hurricane preparedness essential. Mix of high-tech industrial, commercial, and residential markets.",Location
loc-tampa-fl,Tampa,Hillsborough County,FL,33602,USA,27.9506,-82.4572,400000,humid_subtropical,"Major city - port, finance, healthcare, technology, tourism, regional center",hot_weather;seasonal_rain;heavy_traffic;urban_heat_island;port_industrial;commercial_density,Major metropolitan center with diverse paving market from high-rise parking to port industrial. Urban heat island intensifies rutting concerns. Year-round construction season. Port traffic creates heavy industrial loads. Downtown redevelopment constant. Major commercial and municipal opportunities.,Location
loc-carrollwood-fl,Carrollwood,Hillsborough County,FL,33618,USA,28.0528,-82.507,36000,humid_subtropical,"Suburban residential, retail, professional offices",hot_weather;seasonal_rain;established_community;residential_maintenance,Established Tampa suburb north of downtown. Mix of residential resurfacing and commercial parking lot maintenance. Mature community with ongoing infrastructure needs.,Location
loc-westchase-fl,Westchase,Hillsborough County,FL,33626,USA,28.0528,-82.6176,24000,humid_subtropical,"Planned community, residential, retail, professional offices",hot_weather;seasonal_rain;master_planned_community;high_standards,Master-planned community with high aesthetic standards. HOA-driven maintenance and resurfacing. Premium residential market. Retail centers serving affluent residents.,Location
loc-harbour-island-fl,Harbour Island,Hillsborough County,FL,33602,USA,27.9447,-82.4503,2500,humid_subtropical,"Upscale residential, downtown Tampa waterfront",hot_weather;seasonal_rain;waterfront_location;high_end_residential;salt_exposure,Upscale island community in downtown Tampa. Waterfront location requires salt-resistant considerations. Premium residential and limited commercial. Very high quality expectations.,Location
loc-davis-islands-fl,Davis Islands,Hillsborough County,FL,33606,USA,27.9097,-82.4531,5000,humid_subtropical,"Affluent residential, marinas, airport",hot_weather;seasonal_rain;island_location;waterfront_properties;high_end_market;salt_exposure,Two man-made islands south of downtown Tampa with Peter O. Knight Airport. Affluent residential character. Waterfront properties and marina access. Premium market with high expectations. Salt exposure from bay location.,Location
loc-riverview-fl,Riverview,Hillsborough County,FL,33569,USA,27.8661,-82.3265,95000,humid_subtropical,"Rapid residential growth, retail development, suburban expansion",hot_weather;seasonal_rain;explosive_growth;new_subdivisions;commercial_following_residential,One of Florida's fastest-growing communities. Massive residential subdivision development. New schools and commercial following residential growth. Strong new construction paving market. Infrastructure constantly expanding.,Location
loc-wesley-chapel-fl,Wesley Chapel,Pasco County,FL,33543,USA,28.24,-82.3276,65000,humid_subtropical,"New master-planned communities, retail, healthcare, education",hot_weather;seasonal_rain;rapid_development;new_construction;retail_centers,"Fast-growing Pasco County community with major master-planned developments. New hospital, retail, and residential. I-75 corridor location. Strong new construction market in all categories. High-quality expectations from new developments.",Location
loc-valrico-fl,Valrico,Hillsborough County,FL,33594,USA,27.9389,-82.2381,39000,humid_subtropical,"Suburban residential, retail, small business",hot_weather;seasonal_rain;residential_maintenance;retail_centers,Unincorporated Tampa suburb east of Brandon. Mix of established and new residential. Retail corridor development. Both new construction and maintenance/resurfacing opportunities.,Location
loc-lutz-fl,Lutz,Hillsborough County,FL,33549,USA,28.1541,-82.4612,22000,humid_subtropical,"Suburban residential, equestrian properties, small commercial",hot_weather;seasonal_rain;residential_mix;equestrian_facilities,North Tampa suburb with mix of suburban and rural character. Some equestrian properties. Primarily residential with growing commercial. Access to Tampa makes this attractive bedroom community.,Location
loc-seffner-fl,Seffner,Hillsborough County,FL,33584,USA,27.9839,-82.2756,8000,humid_subtropical,"Residential, small commercial, working class suburb",hot_weather;seasonal_rain;established_community;maintenance_focus,Working-class suburb between Tampa and Plant City. Established community with maintenance and resurfacing needs. Limited new development. Affordable housing market.,Location
loc-plant-city-fl,Plant City,Hillsborough County,FL,33563,USA,28.0186,-82.1128,40000,humid_subtropical,"Agriculture (strawberries), distribution centers, I-4 corridor logistics",hot_weather;seasonal_rain;agricultural_traffic;logistics_heavy_loads;strawberry_season,"Winter Strawberry Capital of the World with strong agricultural base. I-4 corridor location creates major distribution center development. Heavy truck traffic from logistics and agriculture. Mix of agricultural, industrial, and growing residential.",Location
loc-apollo-beach-fl,Apollo Beach,Hillsborough County,FL,33572,USA,27.7731,-82.4073,17000,humid_subtropical,"Residential waterfront community, power plant, marina",hot_weather;seasonal_rain;coastal_location;waterfront_properties;salt_exposure,Tampa Bay waterfront community with marina. Power plant creates some industrial element. Primarily residential with waterfront premium properties. Salt environment considerations. Boat and RV storage facilities common.,Location
loc-odessa-fl,Odessa,Pasco County & Hillsborough County,FL,33556,USA,28.1836,-82.5826,8500,humid_subtropical,"Rural residential, equestrian properties, small ranches",hot_weather;seasonal_rain;rural_character;equestrian_access;scattered_development,Rural community with equestrian and small ranch properties. Lower density residential. Driveways and farm access roads primary market. Limited commercial activity.,Location
loc-beach-park-fl,Beach Park,Pinellas County,FL,33708,USA,27.8475,-82.7829,8000,humid_subtropical,Residential neighborhood within St. Petersburg,hot_weather;seasonal_rain;urban_residential;coastal_proximity,Residential neighborhood in St. Petersburg area. Primarily residential maintenance market. Coastal location with salt exposure considerations.,Location
