serviceId:ID(Service),name,serviceTypes:string[],description,expertiseSignals:string[],regulatoryStandards:string[],seasonalConsiderations,equipmentRequired,typicalDuration,notes,:LABEL
srv-new-asphalt-paving-residential,New Residential Asphalt Paving,residential,"Professional installation of new asphalt driveways and private roads for homeowners. Includes site preparation, proper base installation, and hot mix asphalt placement designed for 10-20 year service life with proper maintenance.",Licensed and insured contractor;15+ years residential paving experience;Proper equipment and skilled operators;Quality materials from certified suppliers,Local building codes;ASTM standards for materials;Proper drainage requirements,Best performed April-October when air temperatures are above 50°F and ground is not frozen. Avoid rainy periods. Warm mix technology can extend season in moderate climates.,"Small to mid-size paver, vibratory compactor or small roller, hand tools, base compaction equipment",1-3 days for typical residential driveway (includes base prep),Typical design is 2-3 inches asphalt over 4-6 inches compacted aggregate base. Price-sensitive market requires customer education on value. Fast return to service (same day) is major selling point.,Service
srv-new-asphalt-paving-commercial,New Commercial Asphalt Paving,commercial,"Complete asphalt paving installation for commercial parking lots, business access drives, and industrial yards. Engineered design based on traffic loads, proper drainage integration, ADA compliance, and long-term performance specifications.",NAPA certified contractor;Commercial project portfolio;Engineering design capability;Quality control procedures in place;Bonding and insurance adequate for large projects,AASHTO design standards;ADA compliance requirements;Local stormwater management regulations;NAPA Quality Improvement Program (QIP) guidelines,Prefer April-October for optimal conditions. Large projects may span multiple seasons with phased construction.,"Commercial-grade tracked or wheeled paver with grade control, pneumatic and vibratory rollers, material transfer vehicle (for larger projects), compaction testing equipment",1-4 weeks depending on size and complexity,"Typical design is 3-5 inches asphalt over 6-10 inches aggregate base for standard parking. Loading dock areas and heavy traffic require 6-8 inches asphalt with higher grade binder. Emphasize proper drainage, ADA compliance, and maintenance plans in proposals.",Service
srv-new-asphalt-paving-municipal,New Municipal Asphalt Paving,municipal,"Construction of new municipal streets, roads, bike paths, and public parking facilities following state DOT specifications and AASHTO design standards. Includes traffic management, utility coordination, and compliance documentation.",Pre-qualified with local agencies;State DOT approved contractor;Experience with public bidding process;Davis-Bacon prevailing wage compliance;Bonding capacity for public work,AASHTO design and construction standards;State DOT specifications;MUTCD traffic control requirements;Davis-Bacon wage requirements;Local public works standards,"Follow agency restrictions on paving season. Typically April-November in northern states, year-round in southern states with warm mix.","Full commercial paving spread with grade control systems, sufficient roller fleet, material transfer vehicles, traffic control equipment",Varies widely by project scope (2 weeks to 6 months),"Formal bid process with lowest responsible bidder typically awarded. More oversight, stricter specifications, extensive documentation required. Payment is reliable but margins are typically lower due to competitive bidding. Traffic management and public coordination critical.",Service
srv-subdivision-paving,Subdivision and Private Road Paving,residential;commercial,"Installation of asphalt streets in residential subdivisions and private road developments. Phased construction to accommodate building traffic, with base installation followed by final surface after home construction complete.",Experience with multi-phase projects;Developer relationships;Understanding of construction traffic impacts,Local subdivision standards;State DOT standards for private roads;Utility coordination requirements,Base work can often be done year-round. Final surface should wait until construction traffic is complete.,Standard commercial paving equipment,Phased over several months to years depending on development,"Typical design 3-4 inches asphalt over 6-8 inches base for residential streets. Consider heavier base construction initially to handle construction traffic, then final surface after homes are built. Payment terms and construction damage liability should be clearly specified in contract.",Service
srv-horse-farm-paving,Horse Farm and Equestrian Facility Paving,residential;specialty,"Specialized asphalt paving for horse farms, riding arenas access roads, stable yards, and equestrian facilities. Designed to handle heavy equipment, manure spreaders, and trailer traffic while providing smooth surfaces safe for horses and easy to maintain.",Experience with agricultural facilities;Understanding of equestrian facility requirements;Knowledge of heavy agricultural equipment loads,Agricultural facility standards;Local building codes;Proper drainage for animal facilities,Standard paving season considerations apply. Plan around farm operations and weather.,Standard paving equipment suitable for rural access,1-5 days depending on scope,"Horse farm paving requires attention to drainage (manure and wash water), durability for heavy equipment, and smooth surfaces. Common applications include stable yards, access roads, parking areas for trailers, and arena perimeters. Farm owners appreciate contractors who understand their unique needs and work around feeding schedules and horse routines.",Service
srv-asphalt-patching-full-depth,Full-Depth Asphalt Patching,residential;commercial;municipal,"Permanent repair of failed asphalt sections using proper removal and replacement techniques. Square-cut removal to sound pavement, tack coat application, hot mix asphalt placement, and proper compaction for long-lasting repairs.",Proper saw-cutting equipment;Hot mix asphalt access;Understanding of failure mechanisms;Quality compaction procedures,ASTM standards for materials;Industry best practices for permanent repairs,Requires hot mix asphalt availability (typically April-November in northern climates). Emergency cold patch available year-round but not permanent.,"Saw cutter or pavement breaker, vibratory plate compactor or hand tamper, tack coat application equipment, hand tools","Small patches 1-4 hours, larger areas 1-2 days","Always cut square or rectangular patches extending at least 6-12 inches beyond visible distress. Remove to stable base, tack coat all vertical faces, compact thoroughly. Emphasize this is permanent repair vs. temporary cold patch.",Service
srv-pothole-repair,Pothole Repair Services,residential;commercial;municipal,"Emergency and permanent pothole repair using hot mix asphalt or temporary cold mix. Proper cleaning, tack coat application, material placement, and compaction to restore surface integrity and eliminate safety hazards.",Rapid response capability;Both hot mix and cold mix options;Proper repair techniques,Safety standards for work zones;Industry best practices,Hot mix repairs preferred but require warm weather. Cold mix available for emergency winter repairs but should be redone with hot mix in spring.,"Compaction equipment, cleaning tools, tack coat application, hot or cold mix materials",30 minutes to 2 hours per pothole,"Potholes are urgent safety issues creating customer liability. Fast response builds relationships. Clean pothole completely, remove loose material, tack coat, fill slightly high, compact thoroughly. Educate customers that cold patch is temporary and needs hot mix follow-up.",Service
srv-surface-patching,Surface Patching (Skin Patching),residential;commercial;municipal,"Shallow asphalt repair for surface-level distress without base failure. Quick repairs for minor surface damage, suitable for temporary or semi-permanent solutions where full-depth repair is not yet needed.",Understanding of when surface vs full-depth is appropriate;Proper surface preparation,Industry best practices,Warm weather required for hot mix,"Lute, plate compactor, tack coat equipment",1-3 hours for small areas,Surface patches address cosmetic issues but don't fix structural problems. Typical life 1-3 years. Be honest with customers about limitations - may fail if underlying structure is compromised. Good interim solution until budget allows full repair.,Service
srv-asphalt-resurfacing,Asphalt Resurfacing (Overlay),residential;commercial;municipal,"Installation of new asphalt layer over existing pavement to restore surface condition and add structural strength. Typically 1.5-4 inches thickness, extends pavement life 10-15 years when existing structure is sound.",Ability to assess existing pavement condition;Understanding of when overlay is appropriate;Proper surface preparation techniques,AASHTO standards for overlay design;ASTM material specifications,April-October optimal. Existing pavement must be dry and structurally sound.,"Commercial paver, roller fleet, tack coat equipment, optional milling equipment",1-5 days depending on size,"Pre-work repairs required - fill cracks, patch failures, ensure drainage works. Tack coat is critical for bond. Results in elevation increase unless combined with milling. Excellent option when base is sound but surface is aged. Cannot overlay over structural failures.",Service
srv-mill-and-overlay,Mill and Overlay,residential;commercial;municipal,"Combined milling (removal) of existing surface layer followed by new asphalt overlay. Maintains existing elevations, removes surface distress, provides fresh wearing surface. Most common rehabilitation technique for aged pavements.",Milling equipment and expertise;Coordination of milling and paving operations;Quality control for thickness and smoothness,AASHTO rehabilitation standards;ASTM material specifications,Requires warm weather for paving operations,"Cold planer/milling machine, commercial paver, roller fleet, material hauling",2-10 days depending on size,"Typical mill 1.5-2 inches and replace with 1.5-2 inches new HMA. Removes surface distress (rutting, cracking, roughness) while maintaining curb/gutter elevations. Milled material (RAP) is valuable and can be recycled. Standard treatment for parking lots and roads at 10-15 year intervals.",Service
srv-full-depth-reclamation,Full-Depth Reclamation (FDR),commercial;municipal,"In-place pulverization of existing asphalt and base materials, mixing with stabilizing agents (cement, lime, or emulsion), and placing new asphalt surface. Alternative to complete reconstruction when base has failed.",FDR equipment operation;Stabilization material knowledge;Mix design for reclaimed base,AASHTO standards for FDR;State DOT specifications;Stabilization material requirements,Similar to new construction. Cement or lime stabilization requires proper curing conditions.,"Reclaimer/pulverizer, cement spreader, compaction equipment, paver and rollers",1-3 weeks for typical projects,"Recycles existing materials in place, reducing hauling and disposal. Creates new stable base layer from old pavement and base. Requires new asphalt surface layer on top. Excellent for pavements with base failure where complete reconstruction would otherwise be needed. Environmental benefits from material recycling.",Service
srv-crack-sealing,Professional Crack Sealing,residential;commercial;municipal,"Hot-pour rubberized crack sealant application to prevent water infiltration and extend pavement life. Includes proper crack cleaning, routing (when needed), and application of flexible, durable sealant material.",Hot-pour equipment and materials;Understanding of crack types and treatment methods;Proper surface preparation techniques,Industry best practices for crack sealing;Material specifications for hot-pour sealants,"Pavement temperature 40°F minimum, air temperature 50°F+ preferred. No rain expected for 24 hours. Spring and fall are optimal seasons.","Crack sealing melter/applicator, air compressor with lance, optional router, hand tools",500-1000 linear feet per day typical crew production,Single most cost-effective maintenance activity. Water infiltration through cracks is primary cause of pavement deterioration. Hot-pour sealants (not cold-pour) are standard for quality work. Clean cracks thoroughly before sealing. Route wider cracks for better performance. Annual or biannual treatment prevents structural damage.,Service
srv-crack-filling,Crack Filling,residential;commercial;municipal,Basic crack treatment using cold-pour or hot-pour materials without routing. Less durable than crack sealing but faster and more economical for minor cracks in low-traffic areas.,Basic crack treatment capabilities;Material application techniques,Basic industry practices,"Warm, dry weather required","Application tools, cleaning equipment",Faster than crack sealing,Adequate for minor cracks in low-traffic residential applications. Not as durable as proper crack sealing with routing. Requires more frequent re-treatment.,Service
srv-crack-routing,Crack Routing and Sealing,residential;commercial;municipal,"Advanced crack treatment including routing to create reservoir, followed by hot-pour sealant application. Provides superior long-term performance for wider cracks and high-traffic applications.",Crack routing equipment operation;Understanding of reservoir design;Advanced crack treatment techniques,Industry best practices for crack routing;Router depth and width specifications,"Same as crack sealing - warm, dry conditions required","Walk-behind router with carbide blades, crack sealing equipment, cleaning equipment",Slower than basic crack filling but provides longer-lasting results,Routing creates a reservoir that holds more sealant and provides better adhesion. Recommended for cracks wider than 1/4 inch or in high-traffic areas. Significantly extends sealant life compared to non-routed applications.,Service
srv-sealcoating-residential,Residential Driveway Sealcoating,residential,"Coal tar or asphalt emulsion sealcoat application for homeowner driveways. Provides UV protection, water resistance, and enhances appearance. Applied every 2-3 years to extend pavement life and maintain aesthetic appeal.",Proper surface preparation techniques;Quality material selection;Even application methods,Local environmental regulations for sealcoat materials;Proper cure time before traffic,"Air temp 50°F+, pavement temp 50°F+, no rain for 24 hours. Best in spring through early fall. Avoid extreme heat (>90°F).","Spray equipment or squeegee application tools, mixing equipment, edge tools",1 day including prep and application (2-3 hours work time for typical driveway),"Asphalt should cure 6-12 months before first sealcoat, then every 2-3 years thereafter. Fill cracks before sealcoating. Two coats preferred. Creates recurring revenue and customer relationships. Major aesthetic improvement that sells easily.",Service
srv-sealcoating-commercial,Commercial Parking Lot Sealcoating,commercial,"Professional-grade sealcoating for commercial parking lots using coal tar or asphalt emulsion. Protects investment, improves appearance, reduces oxidation and water damage. Typically applied every 2-3 years as part of preventative maintenance program.",Large-area application experience;Commercial-grade equipment;Traffic management during application;Material specification knowledge,Environmental regulations for sealcoat products;VOC compliance;Traffic control requirements,"Warm, dry weather required. Need 24-48 hours with no rain. Avoid extreme temperatures.","Commercial spray systems, squeegee equipment, mixing equipment, traffic control equipment","1-3 days for typical parking lot (including prep, application, cure time, restriping)","First application typically 1-2 years after paving, then every 2-3 years. Surface must be clean, dry, and free of oil/grease. Fills surface voids and minor imperfections. Bundle with crack sealing and striping for complete service. Creates recurring revenue contracts.",Service
srv-crack-seal-and-sealcoat-package,Crack Sealing & Sealcoating Package,residential;commercial;municipal,Comprehensive maintenance package combining crack sealing and sealcoating services. Optimal preventative maintenance approach that addresses water infiltration (crack sealing) and surface protection (sealcoating) in coordinated application.,Understanding of proper sequencing;Both crack sealing and sealcoating capabilities;Comprehensive maintenance program knowledge,Best practices for both services;Proper cure time between services,"Crack seal first, wait 30 days, then sealcoat. Both require warm, dry conditions.",Both crack sealing and sealcoating equipment,Two-phase process over 30+ days,"Gold standard for preventative maintenance. Crack seal first to stop water infiltration, wait for cure, then sealcoat for surface protection. Package provides value to customer and efficiency from combined mobilization. Annual crack sealing with sealcoating every 2-3 years is ideal schedule.",Service
srv-fog-seal,Fog Seal Application,municipal,"Diluted asphalt emulsion sprayed on aged pavement surfaces to seal minor cracks, reduce oxidation, and slow raveling. Maintenance option for lightly distressed pavements not yet needing more extensive treatment.",Distributor truck operation;Understanding of application rates;Timing and traffic control,ASTM standards for fog seal materials;Agency specifications,"Warm, dry weather required. Surface must be dry.",Distributor truck or spray equipment,Very fast application (hours for large areas),Thin application of diluted emulsion (CSS-1 or similar diluted 1:1 to 3:1 with water). Expected life 2-3 years. Best for aged but structurally sound pavements showing early oxidation. Not suitable for heavily cracked or distressed pavements. Common on municipal roads with tight maintenance budgets.,Service
srv-chip-seal,Chip Seal (Seal Coat),residential;commercial;municipal,"Surface treatment combining asphalt binder application with aggregate chip spreading and compaction. Creates durable, textured, weather-resistant surface. Excellent for parking lots, driveways, and low-volume roads. Expected service life 5-7 years.",Distributor truck operation;Aggregate spreading equipment;Pneumatic roller operation;Timing and coordination skills,"Aggregate specifications (size, quality, gradation);Binder application rates;ASTM material standards",Requires warm weather (air temp 70°F+). No rain for 24 hours minimum.,"Asphalt distributor truck, aggregate spreader, pneumatic tire roller, rotary broom",1-3 days including application and cure,"Application sequence critical - spray binder, immediately spread aggregate chips, compact with pneumatic roller, sweep loose stones. Creates textured surface (not smooth like sealcoat). Excellent skid resistance. Single chip seal lasts 5-7 years, double chip seal 7-10 years. Good for driveways, parking lots, residential streets. Some customers prefer textured appearance, others don't.",Service
srv-cape-seal,Cape Seal Application,commercial;municipal,Combined treatment of chip seal followed by slurry seal or microsurfacing application. The slurry coat seals voids and locks in aggregate for superior performance. High-quality surface treatment with 10-12+ year expected life.,Chip seal expertise;Slurry seal or microsurfacing capability;Multi-phase application coordination,Specifications for both chip seal and slurry/microsurfacing;ASTM material standards,Requires warm weather for both applications. Timing between applications is critical.,Chip seal equipment plus slurry seal or microsurfacing equipment,3-5 days including both applications and cure times,Superior performance compared to chip seal alone. The slurry/microsurfacing layer fills voids left in chip seal and locks aggregate in place. Significantly longer service life. Excellent for high-value commercial properties and municipal roads.,Service
srv-slurry-seal,Slurry Seal Application,residential;commercial;municipal,"Cold-applied mixture of asphalt emulsion, fine aggregate, mineral filler, and water creating smooth, uniform surface treatment. Fills minor cracks and surface imperfections, prevents water infiltration, extends pavement life 5-7 years.",Slurry seal machine operation;Mix design knowledge;Application uniformity,"ASTM standards for slurry seal materials;Mix design specifications (Type I, II, or III)",Warm weather required (air temp 50°F+). Surface must be dry. Humidity affects cure time.,"Continuous mixer/applicator truck, squeegee spreading device, traffic control equipment",1-2 days including application and cure,"Self-contained mobile mixer produces consistent quality. Smooth finish (unlike chip seal texture). Three types - Type I (fine, light traffic), Type II (medium, most common), Type III (coarse, heavy distress). Thickness 1/8-3/8 inch. Polymer modification improves performance. Cure time 1-4 hours initial, 24-48 hours full cure. Excellent for residential streets and parking lots showing early aging.",Service
srv-microsurfacing,Microsurfacing,commercial;municipal,"Advanced polymer-modified surface treatment with quick-setting properties. Can correct minor rutting and surface deformations while providing durable wearing surface. Higher performance than slurry seal, suitable for high-traffic applications. Expected life 7-10 years.",Specialized equipment operation;Advanced mix design knowledge;Quality control procedures;Multiple-layer application techniques,ASTM standards for microsurfacing;Agency specifications;Polymer modification requirements,Warm weather required. Quick-setting allows shorter road closures than slurry seal.,"Specialized microsurfacing machine, quality control testing equipment",1-3 days depending on area and number of layers,"Always polymer-modified for improved performance. Quick-set formulation (30-60 minutes vs hours for slurry seal). Can fill ruts up to 1.5 inches with multiple applications. Thickness 1/4-1/2 inch per layer. Superior to slurry seal for high-traffic areas. Common on highways, arterials, and high-traffic commercial parking. Requires significant equipment investment and training.",Service
srv-porous-asphalt,Porous Asphalt Installation,commercial;specialty,"Permeable pavement system allowing water to drain through surface into engineered stone reservoir below. Reduces stormwater runoff, eliminates need for detention ponds in many applications. Requires specialized mix design and installation procedures.",Porous asphalt training and certification;Understanding of drainage requirements;Specialized construction techniques;Vacuum sweeping maintenance knowledge,NAPA porous asphalt design guidelines;Local stormwater management requirements;ASTM specifications for pervious pavements,Similar to conventional paving but requires special attention to base drainage,"Modified paver for porous mix, specialized compaction procedures, vacuum sweeper for maintenance",Similar to conventional paving plus additional base preparation time,"Open-graded mix with high air void content (15-20%). Allows water infiltration at rates of 100+ inches per hour. Requires stone reservoir base (12-36 inches typical), underlying soil must drain adequately or underdrain needed. Vacuum sweeping maintenance required 2-4 times per year to prevent clogging. Not suitable for areas with high sediment loads, cold climates with freeze-thaw issues, or heavy truck traffic.",Service
srv-warm-mix-asphalt,Warm Mix Asphalt Installation,residential;commercial;municipal;specialty,"Asphalt production and placement at reduced temperatures (225-275°F vs 300-350°F for conventional HMA) using special additives or processes. Extends paving season, reduces emissions, allows longer haul distances while maintaining quality.",Knowledge of warm mix technologies;Experience with temperature-reduced placement;Understanding of compaction requirements,AASHTO standards for warm mix asphalt;ASTM specifications;Agency approval for warm mix use,Allows paving in cooler weather than conventional HMA. Can extend season by several weeks in spring and fall.,Standard paving equipment. Mix plant must have warm mix additive capability.,Similar to conventional paving,"Several technologies available - chemical additives, foaming processes, organic additives. Reduces energy consumption, lowers emissions, improves worker safety (lower temperatures). Allows placement at lower ambient temperatures. Can incorporate higher RAP percentages. Growing acceptance and use across industry. Particularly valuable in northern climates for extending season.",Service
srv-high-rap-mixes,High-RAP Content Mixes,residential;commercial;municipal;specialty,Asphalt mixes containing 25-40% or more reclaimed asphalt pavement (RAP). Sustainable option that reduces virgin material use and provides excellent performance when properly designed. Requires careful mix design and often rejuvenators or softer binders.,Mix design expertise;RAP quality control knowledge;Understanding of binder blending,AASHTO specifications for RAP use;Agency limitations on RAP percentage;Quality control requirements,Standard paving season considerations apply,Standard paving equipment. Plant must have RAP handling and proportioning capability.,Similar to conventional mixes,"RAP is most recycled material in America. Properly designed high-RAP mixes perform as well as virgin mixes. May require rejuvenators or softer binders to compensate for stiff aged binder in RAP. Warm mix technology often used with high-RAP to improve workability. Environmental and economic benefits. Some agencies limit RAP percentage (20-30% common limits), others allow higher percentages with proper mix design.",Service
srv-colored-asphalt,Colored Asphalt Installation,commercial;municipal;specialty,"Decorative asphalt using colored binders and aggregates to create surfaces in red, green, terra cotta, and other colors. Used for aesthetic appeal, wayfinding, bike lanes, crosswalks, and decorative applications.",Experience with specialty mixes;Understanding of color stability;Aesthetic design knowledge,Standard pavement specifications plus color requirements;Colorfastness specifications,"Standard paving season, protect from traffic until fully cured","Standard paving equipment, clean equipment to avoid color contamination",Similar to conventional paving,"Uses synthetic binders or clear binders with colored aggregates instead of black asphalt. Colors fade over time but can be restored with surface treatments. Common applications include bike lanes, crosswalks, plazas, theme parks, and high-end residential or commercial properties. Requires clean equipment to avoid contaminating color.",Service
srv-rubberized-asphalt,Rubberized Asphalt (Crumb Rubber Modified),residential;commercial;municipal;specialty,"Asphalt incorporating ground tire rubber into the binder. Provides enhanced flexibility, crack resistance, and noise reduction. Environmental benefit from tire recycling. Popular in warm climates and areas requiring noise mitigation.",CRM mix design knowledge;Experience with rubber-modified materials;Understanding of application requirements,State specifications for crumb rubber modified asphalt;ASTM standards;Environmental regulations,"Requires warm weather, rubber modification can affect workability",Standard paving equipment. Plant must have rubber modification capability.,Similar to conventional paving,"Uses ground tire rubber (typically 10-20% by weight of binder). Excellent crack resistance and fatigue life. Reduces traffic noise (by 3-5 decibels). More flexible than conventional asphalt. Widely used in California, Arizona, and other states with crumb rubber programs. Environmental benefit from recycling waste tires. Not ideal for cold climates or heavy truck traffic.",Service
srv-grading-excavation,Grading and Excavation,residential;commercial;municipal,"Site preparation including earthwork, excavation to design grade, cut and fill operations, and establishment of proper drainage slopes. Creates stable foundation for pavement installation.",Heavy equipment operation expertise;Understanding of drainage principles;Grade control and surveying;Soil identification skills,Local grading permits;Erosion control requirements;OSHA excavation safety standards,Can be performed year-round in most climates. Wet weather complicates earthwork. Frozen ground prevents winter work in northern climates.,"Excavators, bulldozers, motor graders, dump trucks, compaction equipment","1-5 days for typical projects, weeks for large sites",Proper grading is foundation of good pavement. Minimum 2% slope required for drainage. Remove organic topsoil before paving. Establish design elevations carefully - errors are expensive to fix. Proof roll subgrade to identify soft spots requiring remediation.,Service
srv-land-clearing,Land Clearing and Site Preparation,residential;commercial;municipal,"Removal of vegetation, trees, stumps, and debris from construction site. Includes clearing, grubbing, and preparation of site for grading and paving operations.",Tree removal experience;Stump grinding capability;Debris disposal knowledge,Environmental protection requirements;Tree removal permits where applicable;Disposal regulations,Can be done year-round. Easier when ground is dry. Some jurisdictions restrict clearing during nesting season.,"Bulldozers, excavators, stump grinders, chippers, hauling equipment",1-5 days depending on density of vegetation,"Critical first step for new construction. Must remove all organic material (topsoil, roots, vegetation) from areas to be paved. Buried organic material decomposes and causes settlement. Stumps must be completely removed. Proper disposal of clearing debris required.",Service
srv-base-installation,Aggregate Base Installation,residential;commercial;municipal,"Installation of crushed stone or gravel base course to provide stable foundation for asphalt pavement. Includes material placement, spreading, grading, moisture conditioning, and compaction to specified density.",Understanding of base specifications;Compaction expertise;Density testing capability;Proper lift thickness knowledge,AASHTO or ASTM base course specifications;Local standards for gradation and quality;Density requirements (typically 95-98% Standard Proctor),"Best in warm, dry weather. Moisture content critical for compaction. Winter work challenging in freezing climates.","Dump trucks, motor grader or dozer, vibratory roller or compactor, water truck",1-3 days for typical projects,"Base is the foundation - critical for pavement performance. Typical thickness 4-12 inches depending on application. Place and compact in lifts no thicker than 8 inches. Test density frequently. Adequate base prevents premature pavement failure. Consider recycled materials (RAP, crushed concrete) where approved. Ensure proper drainage and moisture content for compaction.",Service
srv-subgrade-stabilization,Subgrade Stabilization,residential;commercial;municipal,"Treatment of weak or problematic subgrade soils using lime, cement, or other stabilizing agents. Improves soil strength and reduces required pavement thickness. Alternative to complete subgrade removal and replacement.",Soil testing and analysis;Stabilization material knowledge;Mixing and placement expertise;Understanding of chemical reactions,AASHTO standards for soil stabilization;Material specifications for stabilizers;Quality control requirements,Requires warm weather for proper curing. Moisture control critical. Avoid freezing conditions.,"Pulverizer/mixer, cement or lime spreader, compaction equipment, water truck","2-5 days including mixing, placement, and curing","Used when subgrade CBR is too low (typically CBR < 5%). Lime stabilization for high-plasticity clays, cement for broader soil types. Typical application 2-8% by weight mixed 6-12 inches deep. Creates semi-rigid layer. Requires proper moisture and curing.",Service
srv-drainage-installation,Drainage System Installation,residential;commercial;municipal,"Installation of catch basins, storm pipes, underdrains, and swales to manage stormwater and prevent water damage to pavement. Critical for long-term pavement performance.",Drainage design understanding;Excavation and utility installation;Pipe bedding and backfill knowledge;Grading for surface drainage,Local stormwater management regulations;Utility installation standards;Backfill and compaction specifications,Can be done year-round but easier in dry conditions. Coordinate with paving schedule.,"Excavators, bedding material, pipe, catch basins, backfill compaction equipment",1-5 days depending on complexity,Water is pavement's worst enemy. Proper drainage doubles pavement life. Surface drainage (slopes and swales) is first priority. Subsurface drainage (underdrains) needed for poor-draining soils or high water tables. Don't pave without adequate drainage. Coordinate catch basin grades with final pavement elevations.,Service
srv-demolition-removal,Asphalt and Concrete Demolition,residential;commercial;municipal,"Removal of existing asphalt or concrete pavement, including full-depth removal, milling, sawcutting, and hauling of debris. Preparation for new pavement installation.",Demolition equipment operation;Proper disposal knowledge;Sawcutting expertise for partial removal,Disposal regulations;Dust control requirements;Safety regulations for demolition,Can be performed year-round. Dust control required in dry conditions.,"Pavement breakers, excavators, skid steers, sawcutters, dump trucks","1-3 days for typical driveways/small lots, longer for large areas",Full removal necessary when existing pavement and base have failed. Partial removal (milling) adequate when only surface is distressed. Recycle removed asphalt (RAP) when possible. Concrete removal more difficult than asphalt. Coordinate with local disposal facilities.,Service
srv-parking-lot-striping,Parking Lot Striping and Marking,commercial,"Application of parking stall markings, traffic arrows, fire lanes, handicap spaces, and crosswalks on commercial parking lots. Ensures ADA compliance, improves traffic flow, and enhances property appearance.","Layout design capability;ADA compliance knowledge;Striping equipment expertise;Material selection (paint, thermoplastic, tape)",ADA accessibility requirements;Local fire lane regulations;MUTCD standards for markings,"New asphalt must cure 30+ days before striping. Warm, dry weather required. Avoid rain within 2-4 hours of application.","Striping machine, layout tools, stencils, quality marking materials",1-2 days for typical parking lot,"Typical stall dimensions 9x18 feet, wider for accessible spaces. Accessible parking requires specific dimensions, access aisles, and signage. Fire lanes typically 24 feet wide with red curbs and markings. Bundle with sealcoating for complete service. Use durable materials (thermoplastic or high-quality paint) for longer life. Poor striping makes good pavement look bad.",Service
srv-roadway-striping,Roadway Striping and Marking,municipal,"Application of centerlines, edge lines, lane lines, crosswalks, stop bars, and legends on roadways. Must meet MUTCD standards and reflectivity requirements for nighttime visibility and safety.",MUTCD standards knowledge;Reflectivity requirements understanding;Traffic control during marking;High-speed application equipment,MUTCD (Manual on Uniform Traffic Control Devices);FHWA reflectivity standards;State DOT specifications,"Warm, dry weather required. New asphalt cure time needed.","Truck-mounted striping equipment, glass bead applicators, traffic control equipment",Varies by project size,"Yellow for centerlines and no-passing zones, white for lane lines and edges. Standard width 4 inches, 6 inches for emphasis areas. Reflective glass beads required for nighttime visibility. Must meet minimum retroreflectivity levels (FHWA standards). Higher traffic requires more durable materials (thermoplastic or high-performance paint). Traffic control critical for safety.",Service
srv-thermoplastic-marking,Thermoplastic Pavement Marking,commercial,Application of hot-applied thermoplastic marking material providing superior durability and reflectivity. Lasts 3-5+ years compared to 1-2 years for paint. Excellent for high-traffic areas and long-term marking solutions.,Thermoplastic application equipment;Material heating and application expertise;Safety knowledge for hot materials,ASTM standards for thermoplastic markings;Agency specifications;Reflectivity requirements,"Requires warm, dry pavement. More weather-sensitive than paint during application.","Thermoplastic melter/applicator, propane heating system, layout tools",Similar to paint but requires more setup and heating time,"Hot-applied plastic that bonds to pavement and hardens when cooled. Extremely durable - lasts 3-5+ years in normal traffic, longer in light traffic. Excellent reflectivity with embedded glass beads. Lower lifecycle consideration due to longevity. Ideal for crosswalks, stop bars, handicap symbols, and other high-wear applications. Raised profile (1/8 inch) provides texture and wet weather visibility.",Service
srv-ada-compliance-marking,ADA Compliance Striping and Signage,commercial,"Installation of accessible parking spaces, access aisles, ramps, and associated signage meeting Americans with Disabilities Act requirements. Critical for commercial properties to avoid fines and ensure accessibility.",Detailed ADA requirements knowledge;Proper dimensions and slopes;Signage requirements,Americans with Disabilities Act (ADA);State accessibility codes;Local building codes,Standard striping season considerations,"Striping equipment, grade checking tools, proper signage",Part of overall parking lot striping project,Accessible parking spaces require 8-foot minimum width with 5-foot access aisle (or 11-foot van-accessible with 5-foot aisle). Slopes cannot exceed 2% in any direction. Must be on shortest accessible route to entrance. International Symbol of Accessibility required on pavement and elevated signage. Number of required spaces based on total parking count. Non-compliance creates liability exposure for property owners. Review and verify compliance.,Service
srv-annual-maintenance-residential,Residential Driveway Maintenance Program,residential,"Comprehensive annual maintenance program including inspection, crack sealing, minor patching, cleaning, and periodic sealcoating. Extends driveway life to 20+ years with proper care.",Long-term customer relationship management;Comprehensive maintenance knowledge;Scheduling and reminder systems,Industry best practices,"Annual inspection in spring, crack sealing as needed, sealcoating every 2-3 years",Full range of maintenance equipment,Ongoing annual relationship,Annual inspection identifies problems early when they're easy to address. Crack sealing prevents water infiltration. Sealcoating every 2-3 years protects surface. Clean oil spills promptly. Minor patching as needed. Creates recurring revenue and customer loyalty. Homeowners appreciate proactive maintenance reminders.,Service
srv-commercial-maintenance-program,Commercial Parking Lot Maintenance Program,commercial,"Comprehensive multi-year maintenance program including regular inspections, crack sealing, patching, sealcoating, striping, and sweeping. Protects pavement investment and maintains professional appearance.",Multi-year program development;Budget planning expertise;Pavement management systems knowledge,Pavement management best practices;ADA ongoing compliance,"Year 1-2 monitoring, Year 3-5 first sealcoat, ongoing crack sealing and patching, Year 10-15 mill and overlay consideration",Full maintenance equipment fleet,Multi-year contract with annual services,"Prevents small problems from becoming major failures. Typical schedule - Year 1-2 monitor and minor crack sealing, Year 3-4 first sealcoat and crack sealing, Years 5-10 sealcoat every 2-3 years with annual crack sealing, Year 10-15 mill and overlay consideration. Regular sweeping removes debris and standing water. Striping every 1-2 years. Creates stable recurring revenue. Position as partner in asset management.",Service
srv-municipal-pavement-management,Municipal Pavement Management Services,municipal,"Comprehensive pavement management program including condition assessment, preventative maintenance, rehabilitation planning, and budget forecasting for municipal street networks.",Pavement condition assessment expertise;Budget planning and forecasting;Multi-year program development;Agency coordination,Municipal pavement management best practices;State and federal funding requirements,Ongoing multi-year program with seasonal work schedules,Full maintenance and rehabilitation equipment capabilities,Multi-year contracts,"Systematic approach to maintaining street networks. Pavement condition surveys identify needs. Preventative maintenance (crack seal, surface treatments) extends life. Rehabilitation (mill and overlay) when preventative maintenance no longer effective. Reconstruction when structural capacity exhausted. Pavement management systems prioritize projects and forecast budgets. Right treatment at right time maximizes pavement life.",Service
srv-airport-paving,Airport and Runway Paving,specialty,"Specialized asphalt paving for airports, runways, taxiways, and aprons following FAA design standards. Heavy-duty pavements designed for aircraft loading, high tire pressures, and jet fuel resistance.",FAA specifications knowledge;FAARFIELD design software;P-401/P-403 mix specifications;Heavy-duty pavement expertise,FAA AC 150/5320-6 (airport pavement design);FAA P-401 and P-403 mix specifications;Quality control requirements;Surface friction requirements,Standard paving season. Minimal airport disruption required - fast construction critical.,"Heavy-duty paving equipment, stringent quality control testing equipment",Varies widely - often requires night work to minimize airport operations impact,"Extremely heavy loads (aircraft up to 1 million+ pounds), high tire pressures (200+ PSI), and fuel spill resistance required. Typical pavement 12-24+ inches asphalt over heavy aggregate base. Mix designs use larger aggregate, modified binders, and strict quality control. Surface friction critical for aircraft braking. Requires FAA approval and specialized expertise.",Service
srv-industrial-heavy-duty-paving,Industrial and Heavy-Duty Pavement,commercial;specialty,"Extra-heavy-duty asphalt pavements for ports, intermodal facilities, container yards, and areas with extremely heavy equipment loads. Designed for container handlers, cranes, and loaded semi-trailers.",Heavy-duty pavement design;Understanding of concentrated loads;High-stability mix knowledge,Engineering design for heavy loads;AASHTO heavy-duty pavement standards;Port authority specifications,Standard paving season,Heavy-duty paving equipment capable of thick lifts,Varies by project scope,"Heaviest-duty asphalt applications. Container handlers can exert high wheel loads. Requires thick asphalt sections (10-16+ inches), large aggregate mixes, modified binders, and thick aggregate base. Full-depth asphalt sometimes used. Slow-moving heavy loads create high stress. Requires specialized engineering.",Service
srv-bike-path-trail-paving,Bike Path and Trail Paving,municipal,"Asphalt paving for multi-use trails, bike paths, and recreational paths. Lighter structural requirements than roadways, emphasis on smooth riding surface and drainage.",Understanding of trail design;Smooth surface finishing;Environmental sensitivity,Trail design guidelines;ADA accessibility requirements;Environmental protection during construction,Standard paving season,Smaller paving equipment suitable for trail widths (8-12 feet typical),1-3 weeks depending on length,Light loads (bikes and pedestrians only) allow thin pavement - 2-3 inches asphalt total over 4-6 inches base is typical. Smooth surface critical for bike comfort. Can often use recycled materials. Minimal traffic control requirements. Growing market as communities invest in active transportation. Environmental considerations for trails through sensitive areas.,Service
srv-sports-facility-paving,Sports Facility and Court Paving,specialty,"Specialized asphalt paving for tennis courts, basketball courts, running tracks, and other athletic facilities. Requires extremely smooth, level surface and often includes colored coatings.",Precision grading and finishing;Surface smoothness requirements;Sport surfacing knowledge,USTA tennis court specifications;NCAA sports facility standards;Local recreation standards,"Standard paving season, colored coatings require warm weather","Small paver with precision controls, surface finishing tools","1-2 weeks including base, paving, and coating","Requires extremely flat, smooth surface. Maximum slope typically 1% for drainage. Often uses fine-graded leveling course over standard asphalt base. Acrylic or other colored coating systems applied on top. Must be free of defects. Post-tensioned edges or borders prevent cracking. Requires specialized expertise - sports facility contractors are niche market.",Service
srv-cold-climate-paving,Cold Climate Asphalt Solutions,residential;commercial;municipal;specialty,"Specialized asphalt paving services for northern climates with freeze-thaw cycles, frost heave, and winter maintenance challenges. Includes softer binder grades, proper base drainage, and winter emergency repairs.",Understanding of freeze-thaw damage mechanisms;Proper binder grade selection for cold climates;Drainage expertise for frost prevention;Winter maintenance capabilities,Northern state DOT specifications;Superpave binder grade for local climate;Frost depth requirements,Short paving season (May-September typical in far north). Cold patch available for winter emergency repairs.,"Standard paving equipment, cold patch materials for winter",Standard paving timeframes during season,"Cold climates require softer binder grades (PG 58-28, PG 52-34 in coldest areas) to resist thermal cracking. Freeze-thaw cycles are major challenge. Proper base drainage critical. Underdrains often needed. Potholes form rapidly in spring from winter freeze-thaw damage. Winter emergency repair with cold patch, then permanent hot mix repair in spring. Shorter construction season.",Service
srv-hot-climate-paving,Hot Climate Asphalt Solutions,residential;commercial;municipal;specialty,"Specialized asphalt paving for hot climates with high temperatures, UV exposure, and rutting concerns. Includes stiffer binder grades, modified mixes, and reflective coatings.",Understanding of rutting mechanisms;Polymer modification knowledge;High-temperature binder selection,Southern state DOT specifications;High-temperature PG binder grades,Year-round paving possible in warmest climates. Summer heat requires special precautions - early morning paving preferred.,Standard paving equipment,Standard paving timeframes,"Hot climates require stiffer binder grades (PG 70-22, PG 76-22 in hottest areas) to resist rutting. Polymer modification (SBS) improves high-temperature performance. Summer pavement temperatures can exceed 150°F. Early morning or evening paving preferred in extreme heat. Reflective coatings and light-colored surfaces can reduce heat absorption. Extended paving season and minimal freeze-thaw damage. Aging and oxidation from UV exposure requires regular seal coating.",Service
srv-coastal-hurricane-zone-paving,Coastal and Hurricane Zone Paving,residential;commercial;municipal;specialty,"Asphalt paving for coastal areas and hurricane zones with saltwater exposure, high winds, flooding risks, and storm surge concerns. Includes enhanced drainage, modified materials for moisture resistance, and storm damage repair.",Coastal construction experience;Storm damage assessment and repair;Saltwater resistant materials knowledge;Enhanced drainage design,Coastal building codes;Flood zone requirements;Wind resistance standards for temporary structures,Avoid hurricane season when possible (June-November). Storm damage creates emergency repair demand.,Standard paving equipment plus storm damage cleanup capabilities,Standard paving timeframes plus storm response capabilities,Saltwater exposure accelerates pavement aging - regular maintenance critical. Storm surge flooding can undermine base and subgrade. Enhanced drainage essential. Polymer-modified binders improve moisture resistance. Hurricane season creates damage and emergency repair opportunities. Standing water from storm surge must drain quickly. Debris cleanup often needed before repairs. Storm damage assessment and repair is specialized service.,Service
srv-emergency-asphalt-repair,Emergency Asphalt Repair Services,residential;commercial;municipal,"24/7 emergency response for urgent pavement failures, dangerous potholes, sinkholes, and storm damage. Rapid mobilization to restore safety and access using temporary or permanent repair methods.",24/7 availability;Rapid response capability;Both temporary and permanent repair options;Safety hazard assessment,Emergency work zone safety;Temporary traffic control,"Year-round service. Cold patch used in winter, hot mix when available.","Mobile repair equipment, cold patch stockpile, traffic control equipment","Response within hours, repair completion same day or next day",Emergency repairs address immediate safety hazards and liability concerns. Property owners and municipalities need rapid response when dangerous conditions develop. Cold patch provides temporary repair in winter or after-hours. Hot mix permanent repair follows when conditions allow. Builds strong customer relationships and leads to additional work.,Service
srv-utility-cut-repair,Utility Cut and Trench Repair,residential;commercial;municipal,"Proper restoration of asphalt pavement after utility work, trenching, or excavation. Includes base replacement, proper compaction, and pavement patching to match existing surface.",Understanding of proper trench backfill;Compaction in confined spaces;Matching existing pavement,Municipal utility cut ordinances;Compaction specifications for trenches;Warranty requirements,"Performed year-round as utility work demands, hot mix preferred when available","Compaction equipment suitable for trenches, sawcutting equipment, small paver or hand tools",1-2 days per utility cut,Utility cuts are common cause of pavement distress when improperly restored. Must compact backfill in lifts (6-8 inch maximum). Sawcut existing pavement to create clean edges. Replace base material and compact. Patch with hot mix and compact thoroughly. Municipalities often have strict ordinances on utility cut restoration including warranty periods. Settlement of utility cuts creates customer complaints and callbacks.,Service
srv-sinkhole-repair,Sinkhole and Subsidence Repair,residential;commercial;municipal,"Repair of pavement damage from sinkholes, underground voids, mine subsidence, or major subgrade failure. Includes void investigation, stabilization, and pavement reconstruction.",Subsurface investigation capability;Void filling techniques;Major excavation and reconstruction,Geotechnical engineering consultation;Structural fill specifications,"Emergency response as needed, reconstruction when weather allows","Excavation equipment, void filling materials, reconstruction capabilities",Several days to weeks depending on severity,"Sinkholes and major subsidence require investigation to determine cause and extent. May need geotechnical engineer consultation. Small voids can be filled with flowable fill or grout. Large voids may require excavation to bedrock and complete reconstruction. Underground utilities must be considered. Emergency safety measures (barricades, temporary fill) followed by permanent repair.",Service
srv-surface-cleaning-sweeping,Parking Lot Sweeping and Cleaning,commercial,"Regular parking lot sweeping, debris removal, and surface cleaning to maintain appearance, prevent drainage issues, and extend pavement life. Essential component of preventative maintenance programs.",Power sweeping equipment;Regular service scheduling;Drainage maintenance,Environmental stormwater regulations;Debris disposal requirements,Year-round service with increased frequency in fall (leaves) and spring (winter debris),"Mechanical sweeper equipment, debris hauling",Ongoing recurring service,"Regular sweeping removes debris, prevents drainage clogs, and maintains professional appearance. Particularly important before sealcoating or striping. Creates recurring revenue stream and customer relationships. Often bundled with other maintenance services.",Service
